data_pregao,cod_negociacao,tipo_mercado,preco_abertura,preco_ultimo_negocio,volume_total_negociado,preco_exercicio,data_vencimento
2018-01-02,BOVA11,10,74.0,75.1,171400637.0,0.0,99991231
2018-01-03,BOVA11,10,75.0,75.3,283925612.4,0.0,99991231
2018-01-04,BOVA11,10,75.54,76.0,170925746.3,0.0,99991231
2018-01-05,BOVA11,10,76.0,76.44,174095917.7,0.0,99991231
2018-01-08,BOVA11,10,76.33,76.76,194469354.8,0.0,99991231
2018-01-09,BOVA11,10,76.92,76.16,272249519.5,0.0,99991231
2018-01-10,BOVA11,10,75.72,75.6,232691206.5,0.0,99991231
2018-01-11,BOVA11,10,75.6,76.66,180232927.2,0.0,99991231
2018-01-12,BOVA11,10,76.4,76.67,107458576.8,0.0,99991231
2018-01-15,BOVA11,10,76.74,77.07,110603153.3,0.0,99991231
2018-01-16,BOVA11,10,76.75,77.06,121245665.6,0.0,99991231
2018-01-17,BOVA11,10,77.01,78.41,176453398.6,0.0,99991231
2018-01-18,BOVA11,10,78.45,78.1,169242116.0,0.0,99991231
2018-01-19,BOVA11,10,78.51,78.42,92739636.4,0.0,99991231
2018-01-22,BOVA11,10,79.39,78.84,65923610.0,0.0,99991231
2018-01-23,BOVA11,10,78.53,77.8,206998358.6,0.0,99991231
2018-01-24,BOVA11,10,78.37,80.83,463715813.9,0.0,99991231
2018-01-26,BOVA11,10,81.26,82.65,345697177.4,0.0,99991231
2018-01-29,BOVA11,10,82.0,81.78,175599797.4,0.0,99991231
2018-01-30,BOVA11,10,81.4,81.61,162225220.6,0.0,99991231
2018-01-31,BOVA11,10,82.06,82.0,381288244.0,0.0,99991231
2018-02-01,BOVA11,10,82.02,82.55,358696276.3,0.0,99991231
2018-02-02,BOVA11,10,81.95,81.24,184403606.3,0.0,99991231
2018-02-05,BOVA11,10,80.59,79.2,226706130.4,0.0,99991231
2018-02-06,BOVA11,10,77.62,81.15,352314879.1,0.0,99991231
2018-02-07,BOVA11,10,80.9,79.96,233089600.8,0.0,99991231
2018-02-08,BOVA11,10,80.36,78.7,205081447.1,0.0,99991231
2018-02-09,BOVA11,10,78.67,78.17,257859482.2,0.0,99991231
2018-02-14,BOVA11,10,79.72,80.6,130022913.5,0.0,99991231
2018-02-15,BOVA11,10,81.15,81.4,182799332.0,0.0,99991231
2018-02-16,BOVA11,10,81.46,81.56,245249410.3,0.0,99991231
2018-02-19,BOVA11,10,81.7,81.86,128256856.0,0.0,99991231
2018-02-20,BOVA11,10,81.49,82.94,285303312.9,0.0,99991231
2018-02-21,BOVA11,10,83.1,83.04,303351664.1,0.0,99991231
2018-02-22,BOVA11,10,83.2,83.75,260885464.9,0.0,99991231
2018-02-23,BOVA11,10,84.19,84.29,337836795.3,0.0,99991231
2018-02-26,BOVA11,10,85.0,84.72,235883472.2,0.0,99991231
2018-02-27,BOVA11,10,84.6,84.09,155305392.7,0.0,99991231
2018-02-28,BOVA11,10,84.21,82.5,386325636.3,0.0,99991231
2018-03-01,BOVA11,10,82.5,82.52,288113799.8,0.0,99991231
2018-03-02,BOVA11,10,81.88,82.95,231248020.8,0.0,99991231
2018-03-05,BOVA11,10,82.79,82.9,147942271.8,0.0,99991231
2018-03-06,BOVA11,10,83.75,82.69,221464657.3,0.0,99991231
2018-03-07,BOVA11,10,82.58,82.6,167617492.8,0.0,99991231
2018-03-08,BOVA11,10,83.0,82.14,129186838.9,0.0,99991231
2018-03-09,BOVA11,10,82.14,83.4,113070799.5,0.0,99991231
2018-03-12,BOVA11,10,83.84,83.95,280970520.2,0.0,99991231
2018-03-13,BOVA11,10,84.49,83.5,218671392.9,0.0,99991231
2018-03-14,BOVA11,10,83.82,83.14,159545329.2,0.0,99991231
2018-03-15,BOVA11,10,83.11,82.07,270532897.3,0.0,99991231
2018-03-16,BOVA11,10,82.23,82.01,145494421.8,0.0,99991231
2018-03-19,BOVA11,10,81.43,81.09,420321759.7,0.0,99991231
2018-03-20,BOVA11,10,81.12,81.4,169222457.0,0.0,99991231
2018-03-21,BOVA11,10,81.59,82.09,290610455.8,0.0,99991231
2018-03-22,BOVA11,10,82.05,81.79,185538545.1,0.0,99991231
2018-03-23,BOVA11,10,81.5,81.58,196811524.9,0.0,99991231
2018-03-26,BOVA11,10,82.55,82.23,141223284.0,0.0,99991231
2018-03-27,BOVA11,10,82.4,80.98,165423120.0,0.0,99991231
2018-03-28,BOVA11,10,80.86,81.02,266036728.2,0.0,99991231
2018-03-29,BOVA11,10,81.21,82.43,241766580.7,0.0,99991231
2018-04-02,BOVA11,10,82.3,81.85,205563663.6,0.0,99991231
2018-04-03,BOVA11,10,82.0,81.75,207414127.8,0.0,99991231
2018-04-04,BOVA11,10,80.9,81.4,199669175.4,0.0,99991231
2018-04-05,BOVA11,10,83.1,82.37,270789959.8,0.0,99991231
2018-04-06,BOVA11,10,82.28,81.94,106818232.0,0.0,99991231
2018-04-09,BOVA11,10,82.22,80.42,140369135.3,0.0,99991231
2018-04-10,BOVA11,10,81.2,81.56,131845551.5,0.0,99991231
2018-04-11,BOVA11,10,81.4,82.45,140431953.1,0.0,99991231
2018-04-12,BOVA11,10,82.44,82.43,57802508.9,0.0,99991231
2018-04-13,BOVA11,10,82.3,81.3,245857264.2,0.0,99991231
2018-04-16,BOVA11,10,81.42,79.98,220358897.9,0.0,99991231
2018-04-17,BOVA11,10,80.09,81.11,310028582.0,0.0,99991231
2018-04-18,BOVA11,10,81.99,82.7,311895999.6,0.0,99991231
2018-04-19,BOVA11,10,82.6,82.9,242126349.6,0.0,99991231
2018-04-20,BOVA11,10,82.7,82.74,95629277.6,0.0,99991231
2018-04-23,BOVA11,10,82.31,82.7,121382887.6,0.0,99991231
2018-04-24,BOVA11,10,82.73,82.48,325131634.0,0.0,99991231
2018-04-25,BOVA11,10,81.79,82.08,116643423.4,0.0,99991231
2018-04-26,BOVA11,10,82.16,83.51,87320266.3,0.0,99991231
2018-04-27,BOVA11,10,83.73,83.47,157589857.6,0.0,99991231
2018-04-30,BOVA11,10,83.48,83.18,203231020.2,0.0,99991231
2018-05-02,BOVA11,10,82.43,81.71,223730377.2,0.0,99991231
2018-05-03,BOVA11,10,81.3,80.49,271945223.9,0.0,99991231
2018-05-04,BOVA11,10,80.32,80.26,190506818.2,0.0,99991231
2018-05-07,BOVA11,10,80.27,79.82,144781509.6,0.0,99991231
2018-05-08,BOVA11,10,80.0,80.22,178037551.5,0.0,99991231
2018-05-09,BOVA11,10,80.41,81.35,153322820.1,0.0,99991231
2018-05-10,BOVA11,10,81.85,82.87,319836933.5,0.0,99991231
2018-05-11,BOVA11,10,82.81,82.29,122640931.3,0.0,99991231
2018-05-14,BOVA11,10,82.97,82.39,134645137.4,0.0,99991231
2018-05-15,BOVA11,10,81.39,82.21,249529104.9,0.0,99991231
2018-05-16,BOVA11,10,82.21,83.42,302745167.5,0.0,99991231
2018-05-17,BOVA11,10,82.89,80.78,402732165.7,0.0,99991231
2018-05-18,BOVA11,10,79.99,80.21,372842210.1,0.0,99991231
2018-05-21,BOVA11,10,80.93,79.2,198193311.4,0.0,99991231
2018-05-22,BOVA11,10,79.86,80.0,526444293.2,0.0,99991231
2018-05-23,BOVA11,10,78.98,78.25,252044903.9,0.0,99991231
2018-05-24,BOVA11,10,76.67,77.45,283027501.3,0.0,99991231
2018-05-25,BOVA11,10,77.5,76.3,191625565.4,0.0,99991231
2018-05-28,BOVA11,10,75.4,72.69,407103668.1,0.0,99991231
2018-05-29,BOVA11,10,73.94,73.4,497573854.4,0.0,99991231
2018-05-30,BOVA11,10,73.25,74.07,383578579.7,0.0,99991231
2018-06-01,BOVA11,10,74.75,74.62,230702536.3,0.0,99991231
2018-06-04,BOVA11,10,75.53,75.85,190502087.0,0.0,99991231
2018-06-05,BOVA11,10,75.3,74.1,143771621.9,0.0,99991231
2018-06-06,BOVA11,10,73.6,73.47,363263979.8,0.0,99991231
2018-06-07,BOVA11,10,72.49,71.37,580498380.7,0.0,99991231
2018-06-08,BOVA11,10,71.5,70.4,477607845.2,0.0,99991231
2018-06-11,BOVA11,10,70.5,69.86,228719294.5,0.0,99991231
2018-06-12,BOVA11,10,69.85,70.27,173070770.7,0.0,99991231
2018-06-13,BOVA11,10,70.61,69.75,316184198.0,0.0,99991231
2018-06-14,BOVA11,10,69.75,68.8,215550879.0,0.0,99991231
2018-06-15,BOVA11,10,68.65,68.11,394128083.5,0.0,99991231
2018-06-18,BOVA11,10,67.65,67.52,293481740.4,0.0,99991231
2018-06-19,BOVA11,10,66.96,68.81,204894711.2,0.0,99991231
2018-06-20,BOVA11,10,69.65,69.51,229938073.6,0.0,99991231
2018-06-21,BOVA11,10,69.34,67.66,204215386.9,0.0,99991231
2018-06-22,BOVA11,10,68.01,68.18,89658290.7,0.0,99991231
2018-06-25,BOVA11,10,68.35,68.6,293466445.5,0.0,99991231
2018-06-26,BOVA11,10,68.62,69.0,146420850.4,0.0,99991231
2018-06-27,BOVA11,10,68.7,68.0,121034591.9,0.0,99991231
2018-06-28,BOVA11,10,68.0,69.4,142942619.4,0.0,99991231
2018-06-29,BOVA11,10,70.0,70.35,323638932.1,0.0,99991231
2018-07-02,BOVA11,10,69.59,70.3,133107291.6,0.0,99991231
2018-07-03,BOVA11,10,70.51,71.1,249023455.5,0.0,99991231
2018-07-04,BOVA11,10,71.3,72.11,147772131.2,0.0,99991231
2018-07-05,BOVA11,10,72.11,71.87,171544929.2,0.0,99991231
2018-07-06,BOVA11,10,71.87,72.45,91155241.6,0.0,99991231
2018-07-10,BOVA11,10,73.0,72.35,216733568.9,0.0,99991231
2018-07-11,BOVA11,10,71.9,71.76,262377630.7,0.0,99991231
2018-07-12,BOVA11,10,71.91,73.26,167687736.8,0.0,99991231
2018-07-13,BOVA11,10,73.34,74.01,109738008.4,0.0,99991231
2018-07-16,BOVA11,10,73.87,73.95,185062247.4,0.0,99991231
2018-07-17,BOVA11,10,73.99,75.37,367284016.7,0.0,99991231
2018-07-18,BOVA11,10,75.39,74.66,155114334.8,0.0,99991231
2018-07-19,BOVA11,10,73.89,74.65,148534163.0,0.0,99991231
2018-07-20,BOVA11,10,76.5,75.8,413980572.7,0.0,99991231
2018-07-23,BOVA11,10,75.6,75.25,133310959.4,0.0,99991231
2018-07-24,BOVA11,10,76.41,76.5,172014885.8,0.0,99991231
2018-07-25,BOVA11,10,76.68,77.37,205354559.9,0.0,99991231
2018-07-26,BOVA11,10,77.4,76.62,162554707.1,0.0,99991231
2018-07-27,BOVA11,10,77.02,77.13,241254376.4,0.0,99991231
2018-07-30,BOVA11,10,77.19,77.42,116316557.9,0.0,99991231
2018-07-31,BOVA11,10,77.06,76.45,171375146.5,0.0,99991231
2018-08-01,BOVA11,10,76.01,76.46,129873807.0,0.0,99991231
2018-08-02,BOVA11,10,76.25,76.95,147657786.6,0.0,99991231
2018-08-03,BOVA11,10,77.47,78.66,279581117.1,0.0,99991231
2018-08-06,BOVA11,10,78.8,78.24,143733160.5,0.0,99991231
2018-08-07,BOVA11,10,78.77,77.49,480485609.0,0.0,99991231
2018-08-08,BOVA11,10,77.57,76.32,282700492.9,0.0,99991231
2018-08-09,BOVA11,10,76.65,75.96,359127733.9,0.0,99991231
2018-08-10,BOVA11,10,75.49,73.8,629018753.4,0.0,99991231
2018-08-13,BOVA11,10,73.41,74.89,254262678.5,0.0,99991231
2018-08-14,BOVA11,10,75.5,75.9,218261322.0,0.0,99991231
2018-08-15,BOVA11,10,75.25,74.39,294045653.3,0.0,99991231
2018-08-16,BOVA11,10,74.83,74.14,230977251.5,0.0,99991231
2018-08-17,BOVA11,10,73.32,73.35,239820294.0,0.0,99991231
2018-08-20,BOVA11,10,73.15,73.68,368406581.8,0.0,99991231
2018-08-21,BOVA11,10,73.39,72.51,230328823.4,0.0,99991231
2018-08-22,BOVA11,10,72.44,74.15,250131850.9,0.0,99991231
2018-08-23,BOVA11,10,74.25,73.03,188703209.9,0.0,99991231
2018-08-24,BOVA11,10,73.8,73.68,144800594.4,0.0,99991231
2018-08-27,BOVA11,10,73.85,75.1,220843280.3,0.0,99991231
2018-08-28,BOVA11,10,75.0,74.79,146953612.2,0.0,99991231
2018-08-29,BOVA11,10,74.8,75.68,159758863.6,0.0,99991231
2018-08-30,BOVA11,10,75.19,73.74,383413637.2,0.0,99991231
2018-08-31,BOVA11,10,73.67,74.12,242168052.7,0.0,99991231
2018-09-03,BOVA11,10,73.66,73.48,167445126.5,0.0,99991231
2018-09-04,BOVA11,10,73.33,72.07,193072077.0,0.0,99991231
2018-09-05,BOVA11,10,71.9,72.42,102153654.9,0.0,99991231
2018-09-06,BOVA11,10,73.03,74.1,258083570.9,0.0,99991231
2018-09-10,BOVA11,10,74.32,74.0,187957785.4,0.0,99991231
2018-09-11,BOVA11,10,72.76,72.13,414068863.6,0.0,99991231
2018-09-12,BOVA11,10,72.77,72.57,134027804.0,0.0,99991231
2018-09-13,BOVA11,10,72.72,72.02,168205707.0,0.0,99991231
2018-09-14,BOVA11,10,72.03,72.81,242750307.9,0.0,99991231
2018-09-17,BOVA11,10,72.51,74.07,269873655.5,0.0,99991231
2018-09-18,BOVA11,10,74.14,75.35,227535146.8,0.0,99991231
2018-09-19,BOVA11,10,75.23,75.27,166690826.6,0.0,99991231
2018-09-20,BOVA11,10,75.83,75.33,100190841.4,0.0,99991231
2018-09-21,BOVA11,10,75.75,76.5,363212530.7,0.0,99991231
2018-09-24,BOVA11,10,76.55,75.2,173713162.3,0.0,99991231
2018-09-25,BOVA11,10,74.49,75.88,179916845.1,0.0,99991231
2018-09-26,BOVA11,10,75.88,75.85,166715337.5,0.0,99991231
2018-09-27,BOVA11,10,76.1,77.07,130422708.9,0.0,99991231
2018-09-28,BOVA11,10,76.08,76.61,141990426.3,0.0,99991231
2018-10-01,BOVA11,10,76.75,75.8,171648126.8,0.0,99991231
2018-10-02,BOVA11,10,77.7,78.78,471647218.8,0.0,99991231
2018-10-03,BOVA11,10,81.9,80.29,565857079.3,0.0,99991231
2018-10-04,BOVA11,10,80.0,79.88,340061084.8,0.0,99991231
2018-10-05,BOVA11,10,82.0,79.45,485350842.9,0.0,99991231
2018-10-08,BOVA11,10,83.45,83.64,901568533.6,0.0,99991231
2018-10-09,BOVA11,10,83.55,83.0,415011585.7,0.0,99991231
2018-10-10,BOVA11,10,82.46,80.73,222099940.6,0.0,99991231
2018-10-11,BOVA11,10,81.85,80.15,397653389.0,0.0,99991231
2018-10-15,BOVA11,10,81.19,80.46,316590692.5,0.0,99991231
2018-10-16,BOVA11,10,81.14,82.6,374796381.8,0.0,99991231
2018-10-17,BOVA11,10,82.34,82.72,219854956.9,0.0,99991231
2018-10-18,BOVA11,10,82.69,80.91,275704508.2,0.0,99991231
2018-10-19,BOVA11,10,81.65,81.22,197729056.4,0.0,99991231
2018-10-22,BOVA11,10,82.0,82.62,216873128.5,0.0,99991231
2018-10-23,BOVA11,10,81.68,82.29,336866893.7,0.0,99991231
2018-10-24,BOVA11,10,82.62,80.15,312782690.2,0.0,99991231
2018-10-25,BOVA11,10,81.0,81.03,439409511.13,0.0,99991231
2018-10-26,BOVA11,10,81.75,82.71,667293009.3,0.0,99991231
2018-10-29,BOVA11,10,84.89,80.81,1413533995.8,0.0,99991231
2018-10-30,BOVA11,10,81.66,83.76,874461524.0,0.0,99991231
2018-10-31,BOVA11,10,84.44,84.08,384016806.0,0.0,99991231
2018-11-01,BOVA11,10,84.51,85.25,485500439.4,0.0,99991231
2018-11-05,BOVA11,10,85.84,86.1,271568581.2,0.0,99991231
2018-11-06,BOVA11,10,85.11,85.28,274095412.9,0.0,99991231
2018-11-07,BOVA11,10,85.92,84.59,402894278.2,0.0,99991231
2018-11-08,BOVA11,10,85.32,82.6,517269086.8,0.0,99991231
2018-11-09,BOVA11,10,82.5,82.52,623102378.0,0.0,99991231
2018-11-12,BOVA11,10,82.62,82.35,374603048.5,0.0,99991231
2018-11-13,BOVA11,10,82.8,81.64,442975850.6,0.0,99991231
2018-11-14,BOVA11,10,81.64,82.65,417537578.8,0.0,99991231
2018-11-16,BOVA11,10,83.51,85.3,395177478.2,0.0,99991231
2018-11-19,BOVA11,10,85.0,84.3,216722748.2,0.0,99991231
2018-11-21,BOVA11,10,83.12,84.28,267620167.5,0.0,99991231
2018-11-22,BOVA11,10,84.07,84.3,96495285.3,0.0,99991231
2018-11-23,BOVA11,10,84.5,83.03,255820785.7,0.0,99991231
2018-11-26,BOVA11,10,83.53,82.34,421316771.6,0.0,99991231
2018-11-27,BOVA11,10,82.98,84.49,454060252.8,0.0,99991231
2018-11-28,BOVA11,10,84.51,86.0,504406036.6,0.0,99991231
2018-11-29,BOVA11,10,85.29,86.38,406329985.5,0.0,99991231
2018-11-30,BOVA11,10,86.1,86.37,443150462.5,0.0,99991231
2018-12-03,BOVA11,10,88.1,86.49,483076174.9,0.0,99991231
2018-12-04,BOVA11,10,86.88,85.23,434778345.4,0.0,99991231
2018-12-05,BOVA11,10,85.7,86.03,166002459.8,0.0,99991231
2018-12-06,BOVA11,10,84.28,85.54,391569959.0,0.0,99991231
2018-12-07,BOVA11,10,85.48,84.93,422883925.0,0.0,99991231
2018-12-10,BOVA11,10,84.78,82.86,482844779.3,0.0,99991231
2018-12-11,BOVA11,10,84.0,83.5,344911579.5,0.0,99991231
2018-12-12,BOVA11,10,84.19,83.9,398944246.1,0.0,99991231
2018-12-13,BOVA11,10,83.95,84.28,220407188.2,0.0,99991231
2018-12-14,BOVA11,10,83.9,84.21,261641855.3,0.0,99991231
2018-12-17,BOVA11,10,84.5,83.24,469396787.7,0.0,99991231
2018-12-18,BOVA11,10,83.51,83.5,290762541.7,0.0,99991231
2018-12-19,BOVA11,10,84.3,82.5,383703575.8,0.0,99991231
2018-12-20,BOVA11,10,83.39,82.42,425166111.4,0.0,99991231
2018-12-21,BOVA11,10,82.3,82.44,464989812.0,0.0,99991231
2018-12-26,BOVA11,10,82.12,82.14,251346056.8,0.0,99991231
2018-12-27,BOVA11,10,81.75,82.65,163773013.7,0.0,99991231
2018-12-28,BOVA11,10,83.23,84.6,136962079.2,0.0,99991231
2019-01-02,BOVA11,10,84.6,87.9,436771772.8,0.0,99991231
2019-01-03,BOVA11,10,87.55,88.0,376145114.4,0.0,99991231
2019-01-04,BOVA11,10,88.2,88.5,216730243.3,0.0,99991231
2019-01-07,BOVA11,10,88.65,88.48,256226171.3,0.0,99991231
2019-01-08,BOVA11,10,88.75,88.83,304401369.8,0.0,99991231
2019-01-09,BOVA11,10,89.31,90.32,745023641.3,0.0,99991231
2019-01-10,BOVA11,10,90.14,90.42,240060123.0,0.0,99991231
2019-01-11,BOVA11,10,90.5,90.38,230449427.3,0.0,99991231
2019-01-14,BOVA11,10,90.5,91.21,430028812.3,0.0,99991231
2019-01-15,BOVA11,10,91.24,90.61,285474426.9,0.0,99991231
2019-01-16,BOVA11,10,90.6,91.15,217766539.1,0.0,99991231
2019-01-17,BOVA11,10,91.19,91.97,577373553.7,0.0,99991231
2019-01-18,BOVA11,10,92.13,92.61,400523265.5,0.0,99991231
2019-01-21,BOVA11,10,92.48,92.64,458659922.6,0.0,99991231
2019-01-22,BOVA11,10,92.21,91.4,411087711.6,0.0,99991231
2019-01-23,BOVA11,10,92.0,93.1,546417263.0,0.0,99991231
2019-01-24,BOVA11,10,93.1,94.17,349108138.1,0.0,99991231
2019-01-28,BOVA11,10,92.5,92.08,504757532.3,0.0,99991231
2019-01-29,BOVA11,10,92.8,92.19,184274130.0,0.0,99991231
2019-01-30,BOVA11,10,93.44,93.52,335861288.9,0.0,99991231
2019-01-31,BOVA11,10,94.26,94.0,465335116.2,0.0,99991231
2019-02-01,BOVA11,10,94.1,94.36,403188046.2,0.0,99991231
2019-02-04,BOVA11,10,94.0,95.03,409045263.6,0.0,99991231
2019-02-05,BOVA11,10,94.6,94.8,351491788.7,0.0,99991231
2019-02-06,BOVA11,10,93.83,91.27,640205153.6,0.0,99991231
2019-02-07,BOVA11,10,92.0,91.0,436214505.8,0.0,99991231
2019-02-08,BOVA11,10,90.48,91.7,487978291.1,0.0,99991231
2019-02-11,BOVA11,10,92.31,90.99,388621647.4,0.0,99991231
2019-02-12,BOVA11,10,92.11,92.45,331702600.8,0.0,99991231
2019-02-13,BOVA11,10,93.03,92.6,590302424.5,0.0,99991231
2019-02-14,BOVA11,10,92.85,94.34,683093744.3,0.0,99991231
2019-02-15,BOVA11,10,94.15,94.04,556710911.3,0.0,99991231
2019-02-18,BOVA11,10,93.38,92.98,391774679.1,0.0,99991231
2019-02-19,BOVA11,10,93.5,93.78,435128047.4,0.0,99991231
2019-02-20,BOVA11,10,94.59,93.17,470970199.0,0.0,99991231
2019-02-21,BOVA11,10,93.59,93.58,361804948.6,0.0,99991231
2019-02-22,BOVA11,10,94.23,94.44,348513721.2,0.0,99991231
2019-02-25,BOVA11,10,94.61,93.77,431033102.6,0.0,99991231
2019-02-26,BOVA11,10,93.98,94.12,320384702.8,0.0,99991231
2019-02-27,BOVA11,10,94.12,93.84,183262472.1,0.0,99991231
2019-02-28,BOVA11,10,93.9,91.85,512868596.4,0.0,99991231
2019-03-01,BOVA11,10,92.4,91.08,450555040.9,0.0,99991231
2019-03-06,BOVA11,10,91.58,90.76,247277308.7,0.0,99991231
2019-03-07,BOVA11,10,91.05,91.05,415138280.0,0.0,99991231
2019-03-08,BOVA11,10,90.58,91.85,388468152.4,0.0,99991231
2019-03-11,BOVA11,10,92.02,94.55,550996118.2,0.0,99991231
2019-03-12,BOVA11,10,94.75,94.4,350253060.2,0.0,99991231
2019-03-13,BOVA11,10,94.25,95.31,312260392.5,0.0,99991231
2019-03-14,BOVA11,10,95.49,94.95,391064329.9,0.0,99991231
2019-03-15,BOVA11,10,95.04,95.53,380375450.5,0.0,99991231
2019-03-18,BOVA11,10,95.78,96.38,356507560.7,0.0,99991231
2019-03-19,BOVA11,10,96.49,96.06,347910530.7,0.0,99991231
2019-03-20,BOVA11,10,95.95,94.35,531211092.8,0.0,99991231
2019-03-21,BOVA11,10,94.31,93.01,702935166.5,0.0,99991231
2019-03-22,BOVA11,10,91.7,90.25,757871373.3,0.0,99991231
2019-03-25,BOVA11,10,89.97,90.35,496404285.0,0.0,99991231
2019-03-26,BOVA11,10,91.01,91.91,461299053.8,0.0,99991231
2019-03-27,BOVA11,10,90.85,88.1,665640607.9,0.0,99991231
2019-03-28,BOVA11,10,88.73,91.02,636307812.5,0.0,99991231
2019-03-29,BOVA11,10,92.13,91.81,419545031.0,0.0,99991231
2019-04-01,BOVA11,10,92.92,92.35,238480343.5,0.0,99991231
2019-04-02,BOVA11,10,92.9,91.83,230861938.9,0.0,99991231
2019-04-03,BOVA11,10,92.74,91.16,241774409.8,0.0,99991231
2019-04-04,BOVA11,10,91.5,92.87,385332856.2,0.0,99991231
2019-04-05,BOVA11,10,93.1,93.56,459183938.0,0.0,99991231
2019-04-08,BOVA11,10,93.63,93.78,300014795.9,0.0,99991231
2019-04-09,BOVA11,10,93.45,92.7,285093775.2,0.0,99991231
2019-04-10,BOVA11,10,93.2,92.49,369374862.6,0.0,99991231
2019-04-11,BOVA11,10,92.48,91.38,324299608.8,0.0,99991231
2019-04-12,BOVA11,10,90.33,89.51,538553567.0,0.0,99991231
2019-04-15,BOVA11,10,89.94,89.81,475522984.7,0.0,99991231
2019-04-16,BOVA11,10,89.8,91.0,335995437.4,0.0,99991231
2019-04-17,BOVA11,10,91.25,90.0,448482651.9,0.0,99991231
2019-04-18,BOVA11,10,90.4,91.16,325561210.2,0.0,99991231
2019-04-22,BOVA11,10,91.0,91.2,427663027.5,0.0,99991231
2019-04-23,BOVA11,10,91.6,92.37,385672841.5,0.0,99991231
2019-04-24,BOVA11,10,92.68,91.6,451878350.5,0.0,99991231
2019-04-25,BOVA11,10,91.5,92.9,381110122.9,0.0,99991231
2019-04-26,BOVA11,10,92.8,92.63,308646055.1,0.0,99991231
2019-04-29,BOVA11,10,92.96,92.72,243036911.3,0.0,99991231
2019-04-30,BOVA11,10,92.87,92.88,375400231.6,0.0,99991231
2019-05-02,BOVA11,10,92.19,92.08,333543184.9,0.0,99991231
2019-05-03,BOVA11,10,92.39,92.6,289927298.8,0.0,99991231
2019-05-06,BOVA11,10,91.49,91.61,197756914.8,0.0,99991231
2019-05-07,BOVA11,10,91.1,90.98,654920359.1,0.0,99991231
2019-05-08,BOVA11,10,91.3,92.11,758610722.2,0.0,99991231
2019-05-09,BOVA11,10,91.59,91.37,596331898.8,0.0,99991231
2019-05-10,BOVA11,10,91.33,90.8,524129955.4,0.0,99991231
2019-05-13,BOVA11,10,89.29,88.31,525300765.7,0.0,99991231
2019-05-14,BOVA11,10,90.0,88.76,388037998.2,0.0,99991231
2019-05-15,BOVA11,10,87.84,87.87,475096843.9,0.0,99991231
2019-05-16,BOVA11,10,87.61,86.56,504208649.8,0.0,99991231
2019-05-17,BOVA11,10,86.51,86.74,651164643.5,0.0,99991231
2019-05-20,BOVA11,10,86.77,88.83,431658896.1,0.0,99991231
2019-05-21,BOVA11,10,89.2,91.19,594930653.9,0.0,99991231
2019-05-22,BOVA11,10,92.0,90.96,544929006.2,0.0,99991231
2019-05-23,BOVA11,10,90.4,90.43,326937994.1,0.0,99991231
2019-05-24,BOVA11,10,91.06,90.25,310009720.3,0.0,99991231
2019-05-27,BOVA11,10,90.95,91.5,239558369.1,0.0,99991231
2019-05-28,BOVA11,10,91.78,92.85,436435478.5,0.0,99991231
2019-05-29,BOVA11,10,92.43,93.06,500212421.9,0.0,99991231
2019-05-30,BOVA11,10,93.07,93.96,341478250.0,0.0,99991231
2019-05-31,BOVA11,10,93.65,93.59,481516732.4,0.0,99991231
2019-06-03,BOVA11,10,94.01,93.48,363090460.0,0.0,99991231
2019-06-04,BOVA11,10,94.01,93.8,414230809.4,0.0,99991231
2019-06-05,BOVA11,10,94.14,92.64,331674291.6,0.0,99991231
2019-06-06,BOVA11,10,93.37,93.69,424023058.1,0.0,99991231
2019-06-07,BOVA11,10,94.02,94.22,313650322.5,0.0,99991231
2019-06-10,BOVA11,10,93.85,93.85,252469150.3,0.0,99991231
2019-06-11,BOVA11,10,94.45,95.42,482130399.9,0.0,99991231
2019-06-12,BOVA11,10,95.3,94.66,359600926.3,0.0,99991231
2019-06-13,BOVA11,10,95.06,95.14,478488855.9,0.0,99991231
2019-06-14,BOVA11,10,95.09,94.51,356963771.4,0.0,99991231
2019-06-17,BOVA11,10,94.24,94.25,386254110.9,0.0,99991231
2019-06-18,BOVA11,10,95.45,95.77,355923779.9,0.0,99991231
2019-06-19,BOVA11,10,95.77,96.63,485954746.1,0.0,99991231
2019-06-21,BOVA11,10,97.32,98.22,484063338.7,0.0,99991231
2019-06-24,BOVA11,10,98.31,98.31,357567800.7,0.0,99991231
2019-06-25,BOVA11,10,98.16,96.36,472696492.0,0.0,99991231
2019-06-26,BOVA11,10,96.96,96.85,414177668.2,0.0,99991231
2019-06-27,BOVA11,10,96.45,97.07,441218080.9,0.0,99991231
2019-06-28,BOVA11,10,97.62,97.11,309043204.0,0.0,99991231
2019-07-01,BOVA11,10,98.6,97.45,334045734.8,0.0,99991231
2019-07-02,BOVA11,10,97.7,96.77,644724674.3,0.0,99991231
2019-07-03,BOVA11,10,96.62,98.32,538361332.5,0.0,99991231
2019-07-04,BOVA11,10,99.38,100.0,462852943.1,0.0,99991231
2019-07-05,BOVA11,10,99.49,100.27,403087177.4,0.0,99991231
2019-07-08,BOVA11,10,100.48,100.56,170621253.8,0.0,99991231
2019-07-10,BOVA11,10,101.8,101.96,387945501.0,0.0,99991231
2019-07-11,BOVA11,10,101.96,101.21,330054262.7,0.0,99991231
2019-07-12,BOVA11,10,101.65,100.05,329706147.1,0.0,99991231
2019-07-15,BOVA11,10,100.8,100.04,289771022.8,0.0,99991231
2019-07-16,BOVA11,10,100.37,99.9,486308500.5,0.0,99991231
2019-07-17,BOVA11,10,100.16,100.01,336683503.2,0.0,99991231
2019-07-18,BOVA11,10,100.21,100.7,271255818.1,0.0,99991231
2019-07-19,BOVA11,10,100.65,99.6,263223001.0,0.0,99991231
2019-07-22,BOVA11,10,100.0,100.0,171314838.4,0.0,99991231
2019-07-23,BOVA11,10,100.41,100.1,328447025.0,0.0,99991231
2019-07-24,BOVA11,10,100.12,100.39,437699168.3,0.0,99991231
2019-07-25,BOVA11,10,100.35,98.8,700477703.1,0.0,99991231
2019-07-26,BOVA11,10,99.38,99.15,358428864.8,0.0,99991231
2019-07-29,BOVA11,10,99.15,99.56,227349087.8,0.0,99991231
2019-07-30,BOVA11,10,99.43,99.12,410263732.7,0.0,99991231
2019-07-31,BOVA11,10,99.41,97.98,556632821.8,0.0,99991231
2019-08-01,BOVA11,10,98.58,98.43,628648471.3,0.0,99991231
2019-08-02,BOVA11,10,98.51,98.78,428698700.5,0.0,99991231
2019-08-05,BOVA11,10,97.1,96.47,947268095.4,0.0,99991231
2019-08-06,BOVA11,10,97.3,98.44,422786238.7,0.0,99991231
2019-08-07,BOVA11,10,97.15,99.05,524160343.4,0.0,99991231
2019-08-08,BOVA11,10,99.55,100.36,841494283.4,0.0,99991231
2019-08-09,BOVA11,10,100.0,100.24,307210312.1,0.0,99991231
2019-08-12,BOVA11,10,99.0,98.16,663239783.7,0.0,99991231
2019-08-13,BOVA11,10,98.13,99.52,499056327.0,0.0,99991231
2019-08-14,BOVA11,10,98.49,96.65,891939876.4,0.0,99991231
2019-08-15,BOVA11,10,97.22,95.38,950374829.4,0.0,99991231
2019-08-16,BOVA11,10,96.72,96.15,588817800.0,0.0,99991231
2019-08-19,BOVA11,10,96.72,95.77,471847907.9,0.0,99991231
2019-08-20,BOVA11,10,95.83,95.54,541889332.9,0.0,99991231
2019-08-21,BOVA11,10,96.37,97.53,413570285.1,0.0,99991231
2019-08-22,BOVA11,10,97.55,96.35,433530980.0,0.0,99991231
2019-08-23,BOVA11,10,95.6,94.02,1001548465.1,0.0,99991231
2019-08-26,BOVA11,10,94.55,92.65,387750948.6,0.0,99991231
2019-08-27,BOVA11,10,93.19,93.65,554494345.6,0.0,99991231
2019-08-28,BOVA11,10,93.04,94.58,289393257.4,0.0,99991231
2019-08-29,BOVA11,10,95.03,96.86,568741147.9,0.0,99991231
2019-08-30,BOVA11,10,97.53,97.61,450201694.1,0.0,99991231
2019-09-02,BOVA11,10,97.52,96.76,276696710.2,0.0,99991231
2019-09-03,BOVA11,10,96.69,95.9,564936192.4,0.0,99991231
2019-09-04,BOVA11,10,97.3,97.37,277944432.5,0.0,99991231
2019-09-05,BOVA11,10,98.02,98.44,419599230.4,0.0,99991231
2019-09-06,BOVA11,10,99.06,99.13,338001955.8,0.0,99991231
2019-09-09,BOVA11,10,99.5,99.33,328565592.5,0.0,99991231
2019-09-10,BOVA11,10,99.37,99.19,312825537.6,0.0,99991231
2019-09-11,BOVA11,10,99.8,99.75,308844965.4,0.0,99991231
2019-09-12,BOVA11,10,100.3,100.36,327423596.1,0.0,99991231
2019-09-13,BOVA11,10,100.79,99.58,523983385.3,0.0,99991231
2019-09-16,BOVA11,10,99.88,99.8,471319786.3,0.0,99991231
2019-09-17,BOVA11,10,99.48,100.76,276926849.8,0.0,99991231
2019-09-18,BOVA11,10,100.55,100.63,379893425.4,0.0,99991231
2019-09-19,BOVA11,10,101.45,100.44,333351032.5,0.0,99991231
2019-09-20,BOVA11,10,100.65,100.76,417113086.0,0.0,99991231
2019-09-23,BOVA11,10,100.48,100.78,244855065.9,0.0,99991231
2019-09-24,BOVA11,10,100.91,100.0,630146053.2,0.0,99991231
2019-09-25,BOVA11,10,99.8,100.45,324629065.7,0.0,99991231
2019-09-26,BOVA11,10,100.93,101.43,300875861.7,0.0,99991231
2019-09-27,BOVA11,10,101.4,101.24,411452409.6,0.0,99991231
2019-09-30,BOVA11,10,101.25,101.01,367614788.1,0.0,99991231
2019-10-01,BOVA11,10,101.0,100.06,586582964.2,0.0,99991231
2019-10-02,BOVA11,10,99.16,97.15,832539879.1,0.0,99991231
2019-10-03,BOVA11,10,97.6,97.72,469595613.6,0.0,99991231
2019-10-04,BOVA11,10,97.8,98.69,251157133.2,0.0,99991231
2019-10-07,BOVA11,10,98.55,96.8,314987448.3,0.0,99991231
2019-10-08,BOVA11,10,96.99,96.15,493624776.5,0.0,99991231
2019-10-09,BOVA11,10,97.16,97.5,350444489.9,0.0,99991231
2019-10-10,BOVA11,10,97.8,98.08,182878160.4,0.0,99991231
2019-10-11,BOVA11,10,98.86,99.97,555715635.2,0.0,99991231
2019-10-14,BOVA11,10,99.65,100.35,280444898.1,0.0,99991231
2019-10-15,BOVA11,10,100.34,100.58,447084661.6,0.0,99991231
2019-10-16,BOVA11,10,100.55,101.4,445369931.7,0.0,99991231
2019-10-17,BOVA11,10,101.32,101.05,525268796.6,0.0,99991231
2019-10-18,BOVA11,10,101.06,100.75,525448250.1,0.0,99991231
2019-10-21,BOVA11,10,101.45,102.0,362144562.0,0.0,99991231
2019-10-22,BOVA11,10,102.0,103.24,720049250.2,0.0,99991231
2019-10-23,BOVA11,10,103.24,103.4,594598331.2,0.0,99991231
2019-10-24,BOVA11,10,103.66,103.0,518291861.6,0.0,99991231
2019-10-25,BOVA11,10,103.3,103.37,678325113.8,0.0,99991231
2019-10-28,BOVA11,10,103.38,103.95,447094146.8,0.0,99991231
2019-10-29,BOVA11,10,103.9,103.5,420776157.3,0.0,99991231
2019-10-30,BOVA11,10,103.45,104.29,454957120.0,0.0,99991231
2019-10-31,BOVA11,10,103.87,103.23,554695687.2,0.0,99991231
2019-11-01,BOVA11,10,103.85,104.27,432999919.6,0.0,99991231
2019-11-04,BOVA11,10,104.45,104.63,482771196.7,0.0,99991231
2019-11-05,BOVA11,10,104.96,104.67,487982222.7,0.0,99991231
2019-11-06,BOVA11,10,104.95,104.35,814952528.7,0.0,99991231
2019-11-07,BOVA11,10,104.76,105.31,483945086.6,0.0,99991231
2019-11-08,BOVA11,10,104.5,103.4,488298463.4,0.0,99991231
2019-11-11,BOVA11,10,103.08,104.24,555148102.8,0.0,99991231
2019-11-12,BOVA11,10,103.9,102.45,717669815.5,0.0,99991231
2019-11-13,BOVA11,10,102.33,102.37,623122742.2,0.0,99991231
2019-11-14,BOVA11,10,102.28,102.55,324328809.5,0.0,99991231
2019-11-18,BOVA11,10,103.95,102.0,426467651.3,0.0,99991231
2019-11-19,BOVA11,10,102.67,101.96,489955846.9,0.0,99991231
2019-11-21,BOVA11,10,102.05,103.5,321803079.2,0.0,99991231
2019-11-22,BOVA11,10,103.57,104.6,630823790.4,0.0,99991231
2019-11-25,BOVA11,10,104.79,104.25,292528539.1,0.0,99991231
2019-11-26,BOVA11,10,104.13,103.44,785749026.5,0.0,99991231
2019-11-27,BOVA11,10,103.3,103.68,337370019.3,0.0,99991231
2019-11-28,BOVA11,10,103.46,104.38,270110692.8,0.0,99991231
2019-11-29,BOVA11,10,104.38,104.35,245456445.2,0.0,99991231
2019-12-02,BOVA11,10,104.6,104.81,461127978.5,0.0,99991231
2019-12-03,BOVA11,10,105.15,105.0,310319861.5,0.0,99991231
2019-12-04,BOVA11,10,105.3,106.1,585445304.2,0.0,99991231
2019-12-05,BOVA11,10,106.2,106.44,447967028.9,0.0,99991231
2019-12-06,BOVA11,10,106.5,106.93,348615058.1,0.0,99991231
2019-12-09,BOVA11,10,106.96,106.77,419609215.6,0.0,99991231
2019-12-10,BOVA11,10,106.64,106.58,481037564.9,0.0,99991231
2019-12-11,BOVA11,10,106.82,106.75,438274102.4,0.0,99991231
2019-12-12,BOVA11,10,107.21,107.85,689768004.2,0.0,99991231
2019-12-13,BOVA11,10,108.35,108.31,543745469.1,0.0,99991231
2019-12-16,BOVA11,10,108.55,107.72,494465478.6,0.0,99991231
2019-12-17,BOVA11,10,108.49,108.41,608560585.9,0.0,99991231
2019-12-18,BOVA11,10,108.35,110.16,640998996.4,0.0,99991231
2019-12-19,BOVA11,10,109.98,110.82,529713369.1,0.0,99991231
2019-12-20,BOVA11,10,110.82,110.84,446069777.7,0.0,99991231
2019-12-23,BOVA11,10,110.8,111.67,675725327.5,0.0,99991231
2019-12-26,BOVA11,10,111.61,112.81,457151693.1,0.0,99991231
2019-12-27,BOVA11,10,113.0,112.17,866153413.9,0.0,99991231
2019-12-30,BOVA11,10,112.78,111.23,367226482.1,0.0,99991231
2020-01-02,BOVA11,10,112.45,114.24,644704844.5,0.0,99991231
2020-01-03,BOVA11,10,112.93,113.8,750525102.8,0.0,99991231
2020-01-06,BOVA11,10,113.0,112.59,763170182.1,0.0,99991231
2020-01-07,BOVA11,10,112.9,112.24,683798812.7,0.0,99991231
2020-01-08,BOVA11,10,112.65,111.95,725559204.5,0.0,99991231
2020-01-09,BOVA11,10,111.95,111.66,614553701.6,0.0,99991231
2020-01-10,BOVA11,10,112.4,111.28,681677060.1,0.0,99991231
2020-01-13,BOVA11,10,111.5,113.08,568919770.0,0.0,99991231
2020-01-14,BOVA11,10,112.75,113.32,494409396.4,0.0,99991231
2020-01-15,BOVA11,10,113.0,112.18,416666915.9,0.0,99991231
2020-01-16,BOVA11,10,112.7,112.35,531913015.2,0.0,99991231
2020-01-17,BOVA11,10,112.65,114.1,716766167.0,0.0,99991231
2020-01-20,BOVA11,10,113.79,114.41,510663273.5,0.0,99991231
2020-01-21,BOVA11,10,113.87,112.65,482049859.2,0.0,99991231
2020-01-22,BOVA11,10,113.3,114.1,736728403.5,0.0,99991231
2020-01-23,BOVA11,10,113.5,115.21,575303218.2,0.0,99991231
2020-01-24,BOVA11,10,115.21,114.0,442873554.0,0.0,99991231
2020-01-27,BOVA11,10,111.7,110.29,894420042.4,0.0,99991231
2020-01-28,BOVA11,10,111.38,112.3,692315124.4,0.0,99991231
2020-01-29,BOVA11,10,112.66,110.88,548481104.5,0.0,99991231
2020-01-30,BOVA11,10,109.98,111.19,900845776.1,0.0,99991231
2020-01-31,BOVA11,10,109.0,108.9,659864400.5,0.0,99991231
2020-02-03,BOVA11,10,109.7,110.42,574818599.1,0.0,99991231
2020-02-04,BOVA11,10,112.11,111.21,516614730.4,0.0,99991231
2020-02-05,BOVA11,10,112.76,111.77,606910221.7,0.0,99991231
2020-02-06,BOVA11,10,112.6,110.95,955782564.1,0.0,99991231
2020-02-07,BOVA11,10,110.12,109.35,644363484.7,0.0,99991231
2020-02-10,BOVA11,10,109.3,108.79,933256225.8,0.0,99991231
2020-02-11,BOVA11,10,109.8,111.3,615759461.8,0.0,99991231
2020-02-12,BOVA11,10,112.05,112.45,574731367.6,0.0,99991231
2020-02-13,BOVA11,10,111.39,110.9,601795860.2,0.0,99991231
2020-02-14,BOVA11,10,111.23,110.08,560692446.9,0.0,99991231
2020-02-17,BOVA11,10,110.71,110.8,574448434.8,0.0,99991231
2020-02-18,BOVA11,10,110.15,111.14,616976216.4,0.0,99991231
2020-02-19,BOVA11,10,111.0,112.08,807257128.8,0.0,99991231
2020-02-20,BOVA11,10,111.96,110.2,484235600.4,0.0,99991231
2020-02-21,BOVA11,10,108.8,109.45,594480624.7,0.0,99991231
2020-02-26,BOVA11,10,104.4,101.9,1401069784.0,0.0,99991231
2020-02-27,BOVA11,10,100.08,99.2,1652190461.9,0.0,99991231
2020-02-28,BOVA11,10,98.94,100.6,1913677207.5,0.0,99991231
2020-03-02,BOVA11,10,100.85,102.99,924850402.3,0.0,99991231
2020-03-03,BOVA11,10,102.96,101.75,1503931602.7,0.0,99991231
2020-03-04,BOVA11,10,103.99,103.1,859450929.6,0.0,99991231
2020-03-05,BOVA11,10,102.0,98.79,1008395270.6,0.0,99991231
2020-03-06,BOVA11,10,94.82,94.4,2369978635.5,0.0,99991231
2020-03-09,BOVA11,10,88.35,82.7,2424015254.7,0.0,99991231
2020-03-10,BOVA11,10,86.62,88.63,1887804609.4,0.0,99991231
2020-03-11,BOVA11,10,85.99,82.06,1565012693.0,0.0,99991231
2020-03-12,BOVA11,10,70.59,70.1,1584745366.1,0.0,99991231
2020-03-13,BOVA11,10,79.97,79.49,2582983466.5,0.0,99991231
2020-03-16,BOVA11,10,69.01,68.4,2205974944.5,0.0,99991231
2020-03-17,BOVA11,10,71.0,71.0,1844780315.0,0.0,99991231
2020-03-18,BOVA11,10,66.8,65.01,2369958029.0,0.0,99991231
2020-03-19,BOVA11,10,62.9,65.0,1822338096.7,0.0,99991231
2020-03-20,BOVA11,10,68.57,64.77,1914941017.1,0.0,99991231
2020-03-23,BOVA11,10,65.35,61.14,1560027409.4,0.0,99991231
2020-03-24,BOVA11,10,66.02,67.4,1149408491.3,0.0,99991231
2020-03-25,BOVA11,10,67.89,71.73,1808105626.0,0.0,99991231
2020-03-26,BOVA11,10,71.76,74.57,2045944308.4,0.0,99991231
2020-03-27,BOVA11,10,71.15,70.22,1107861761.2,0.0,99991231
2020-03-30,BOVA11,10,71.02,71.97,645057833.8,0.0,99991231
2020-03-31,BOVA11,10,71.51,69.35,1010306479.7,0.0,99991231
2020-04-01,BOVA11,10,67.77,68.18,991203968.6,0.0,99991231
2020-04-02,BOVA11,10,69.33,69.63,823338739.2,0.0,99991231
2020-04-03,BOVA11,10,69.87,66.9,1125734571.2,0.0,99991231
2020-04-06,BOVA11,10,70.79,71.57,989570548.2,0.0,99991231
2020-04-07,BOVA11,10,76.47,73.51,1076754984.6,0.0,99991231
2020-04-08,BOVA11,10,73.71,75.73,867870021.2,0.0,99991231
2020-04-09,BOVA11,10,76.28,74.87,1456089424.2,0.0,99991231
2020-04-13,BOVA11,10,74.52,75.96,975283006.3,0.0,99991231
2020-04-14,BOVA11,10,77.45,76.85,833011738.4,0.0,99991231
2020-04-15,BOVA11,10,75.2,76.05,852615362.0,0.0,99991231
2020-04-16,BOVA11,10,76.94,74.93,865320009.8,0.0,99991231
2020-04-17,BOVA11,10,76.46,76.0,539572055.8,0.0,99991231
2020-04-20,BOVA11,10,74.16,75.66,691275261.3,0.0,99991231
2020-04-22,BOVA11,10,76.0,77.7,891102631.9,0.0,99991231
2020-04-23,BOVA11,10,78.36,76.65,1005564185.2,0.0,99991231
2020-04-24,BOVA11,10,75.4,72.41,3295957993.7,0.0,99991231
2020-04-27,BOVA11,10,74.28,75.29,2257968230.0,0.0,99991231
2020-04-28,BOVA11,10,77.71,78.3,980523868.6,0.0,99991231
2020-04-29,BOVA11,10,79.69,80.18,1022787256.7,0.0,99991231
2020-04-30,BOVA11,10,78.58,77.21,974727819.2,0.0,99991231
2020-05-04,BOVA11,10,75.17,76.1,762830875.3,0.0,99991231
2020-05-05,BOVA11,10,77.0,76.54,867904090.2,0.0,99991231
2020-05-06,BOVA11,10,76.82,76.2,478798211.2,0.0,99991231
2020-05-07,BOVA11,10,77.08,75.4,944211093.2,0.0,99991231
2020-05-08,BOVA11,10,76.94,77.43,840225175.1,0.0,99991231
2020-05-11,BOVA11,10,76.7,76.14,1033632078.4,0.0,99991231
2020-05-12,BOVA11,10,76.78,75.0,1102767799.1,0.0,99991231
2020-05-13,BOVA11,10,75.69,75.15,1125603731.5,0.0,99991231
2020-05-14,BOVA11,10,74.24,76.25,1319818932.9,0.0,99991231
2020-05-15,BOVA11,10,75.7,74.56,987158345.7,0.0,99991231
2020-05-18,BOVA11,10,77.24,78.03,1104850251.3,0.0,99991231
2020-05-19,BOVA11,10,78.34,77.65,1167602431.4,0.0,99991231
2020-05-20,BOVA11,10,78.31,78.45,1064158382.0,0.0,99991231
2020-05-21,BOVA11,10,78.59,79.97,1001851357.2,0.0,99991231
2020-05-22,BOVA11,10,78.98,79.94,1037890892.9,0.0,99991231
2020-05-25,BOVA11,10,81.7,82.6,1104683605.0,0.0,99991231
2020-05-26,BOVA11,10,83.98,82.45,1198801535.1,0.0,99991231
2020-05-27,BOVA11,10,83.44,84.68,824010779.1,0.0,99991231
2020-05-28,BOVA11,10,84.23,83.65,1079753448.1,0.0,99991231
2020-05-29,BOVA11,10,83.59,84.15,1076640462.5,0.0,99991231
2020-06-01,BOVA11,10,83.6,85.33,629657375.8,0.0,99991231
2020-06-02,BOVA11,10,86.0,87.78,895046932.4,0.0,99991231
2020-06-03,BOVA11,10,89.2,89.37,1181219144.2,0.0,99991231
2020-06-04,BOVA11,10,89.07,90.31,1073165781.5,0.0,99991231
2020-06-05,BOVA11,10,93.07,91.05,1427084258.3,0.0,99991231
2020-06-08,BOVA11,10,92.47,93.95,1173686312.9,0.0,99991231
2020-06-09,BOVA11,10,92.39,92.95,1373561933.4,0.0,99991231
2020-06-10,BOVA11,10,93.95,91.17,1476857349.0,0.0,99991231
2020-06-12,BOVA11,10,88.52,89.25,1390114620.3,0.0,99991231
2020-06-15,BOVA11,10,87.25,89.07,1623225910.9,0.0,99991231
2020-06-16,BOVA11,10,91.4,90.0,1106547155.0,0.0,99991231
2020-06-17,BOVA11,10,90.54,91.95,984901410.7,0.0,99991231
2020-06-18,BOVA11,10,91.24,92.63,899266896.1,0.0,99991231
2020-06-19,BOVA11,10,93.8,92.64,1208026962.8,0.0,99991231
2020-06-22,BOVA11,10,93.22,91.75,776764402.6,0.0,99991231
2020-06-23,BOVA11,10,93.1,92.26,764849357.8,0.0,99991231
2020-06-24,BOVA11,10,92.05,90.77,894472037.6,0.0,99991231
2020-06-25,BOVA11,10,90.79,92.39,800149420.2,0.0,99991231
2020-06-26,BOVA11,10,91.87,90.22,666235972.3,0.0,99991231
2020-06-29,BOVA11,10,91.15,92.3,817708332.5,0.0,99991231
2020-06-30,BOVA11,10,91.78,91.62,813565102.6,0.0,99991231
2020-07-01,BOVA11,10,91.88,92.68,741129514.0,0.0,99991231
2020-07-02,BOVA11,10,93.8,92.5,656617218.8,0.0,99991231
2020-07-03,BOVA11,10,92.44,93.19,571633201.0,0.0,99991231
2020-07-06,BOVA11,10,94.77,95.31,721906125.2,0.0,99991231
2020-07-07,BOVA11,10,94.91,94.1,809608104.9,0.0,99991231
2020-07-08,BOVA11,10,94.94,96.1,704150255.6,0.0,99991231
2020-07-09,BOVA11,10,96.28,95.41,774051406.5,0.0,99991231
2020-07-10,BOVA11,10,95.45,96.34,860563192.7,0.0,99991231
2020-07-13,BOVA11,10,96.89,95.05,747112068.7,0.0,99991231
2020-07-14,BOVA11,10,95.1,96.6,910544034.7,0.0,99991231
2020-07-15,BOVA11,10,97.7,98.03,1364177631.9,0.0,99991231
2020-07-16,BOVA11,10,97.55,96.82,592264096.2,0.0,99991231
2020-07-17,BOVA11,10,97.42,99.13,554776302.3,0.0,99991231
2020-07-20,BOVA11,10,99.12,100.5,856458893.8,0.0,99991231
2020-07-21,BOVA11,10,101.23,100.29,529105431.3,0.0,99991231
2020-07-22,BOVA11,10,100.57,100.38,653512424.7,0.0,99991231
2020-07-23,BOVA11,10,100.38,98.4,780063749.0,0.0,99991231
2020-07-24,BOVA11,10,98.3,98.59,928670611.2,0.0,99991231
2020-07-27,BOVA11,10,98.93,100.46,778136137.3,0.0,99991231
2020-07-28,BOVA11,10,100.25,100.05,600353914.5,0.0,99991231
2020-07-29,BOVA11,10,100.93,101.48,646408907.6,0.0,99991231
2020-07-30,BOVA11,10,100.75,101.31,739440975.5,0.0,99991231
2020-07-31,BOVA11,10,101.4,99.29,1106278406.8,0.0,99991231
2020-08-03,BOVA11,10,99.96,99.2,804060557.4,0.0,99991231
2020-08-04,BOVA11,10,97.91,97.6,991847397.7,0.0,99991231
2020-08-05,BOVA11,10,99.03,98.99,807526178.5,0.0,99991231
2020-08-06,BOVA11,10,99.18,100.17,722294079.8,0.0,99991231
2020-08-07,BOVA11,10,98.9,98.83,930024460.1,0.0,99991231
2020-08-10,BOVA11,10,99.09,99.54,836488678.2,0.0,99991231
2020-08-11,BOVA11,10,100.26,98.2,873496955.1,0.0,99991231
2020-08-12,BOVA11,10,98.91,98.33,1277657618.1,0.0,99991231
2020-08-13,BOVA11,10,98.87,96.51,1266097781.3,0.0,99991231
2020-08-14,BOVA11,10,96.95,97.47,884316631.3,0.0,99991231
2020-08-17,BOVA11,10,97.29,95.83,1360774717.6,0.0,99991231
2020-08-18,BOVA11,10,97.51,98.25,878719068.9,0.0,99991231
2020-08-19,BOVA11,10,98.46,97.0,1094543567.5,0.0,99991231
2020-08-20,BOVA11,10,95.24,97.67,1435199886.4,0.0,99991231
2020-08-21,BOVA11,10,97.32,97.6,881599125.0,0.0,99991231
2020-08-24,BOVA11,10,98.48,98.5,821429080.8,0.0,99991231
2020-08-25,BOVA11,10,98.82,98.35,519308588.7,0.0,99991231
2020-08-26,BOVA11,10,98.14,96.63,1154939784.8,0.0,99991231
2020-08-27,BOVA11,10,97.07,96.87,926856670.4,0.0,99991231
2020-08-28,BOVA11,10,97.27,98.3,784181050.4,0.0,99991231
2020-08-31,BOVA11,10,97.61,95.7,916700746.3,0.0,99991231
2020-09-01,BOVA11,10,96.58,98.35,946866518.0,0.0,99991231
2020-09-02,BOVA11,10,98.59,98.15,832626746.4,0.0,99991231
2020-09-03,BOVA11,10,97.89,96.96,1296206434.1,0.0,99991231
2020-09-04,BOVA11,10,97.58,97.42,1086235499.6,0.0,99991231
2020-09-08,BOVA11,10,96.09,96.8,1000256216.5,0.0,99991231
2020-09-09,BOVA11,10,97.05,97.5,1090907229.5,0.0,99991231
2020-09-10,BOVA11,10,97.49,95.04,1218477007.8,0.0,99991231
2020-09-11,BOVA11,10,95.32,94.48,907690761.8,0.0,99991231
2020-09-14,BOVA11,10,95.42,96.51,828596320.6,0.0,99991231
2020-09-15,BOVA11,10,96.96,96.46,1174525936.3,0.0,99991231
2020-09-16,BOVA11,10,96.72,95.91,636705252.0,0.0,99991231
2020-09-17,BOVA11,10,95.2,96.37,738634966.1,0.0,99991231
2020-09-18,BOVA11,10,95.85,94.64,714674285.9,0.0,99991231
2020-09-21,BOVA11,10,93.39,93.4,1445140740.5,0.0,99991231
2020-09-22,BOVA11,10,93.17,93.67,750431740.1,0.0,99991231
2020-09-23,BOVA11,10,93.84,92.17,891531950.5,0.0,99991231
2020-09-24,BOVA11,10,92.26,93.3,976503220.3,0.0,99991231
2020-09-25,BOVA11,10,92.84,93.5,642834356.8,0.0,99991231
2020-09-28,BOVA11,10,94.25,91.2,1062654442.93,0.0,99991231
2020-09-29,BOVA11,10,91.04,89.92,1114075535.91,0.0,99991231
2020-09-30,BOVA11,10,90.55,91.05,1064595411.66,0.0,99991231
2020-10-01,BOVA11,10,91.34,91.91,1176156564.95,0.0,99991231
2020-10-02,BOVA11,10,91.27,90.11,978310987.57,0.0,99991231
2020-10-05,BOVA11,10,90.86,92.64,752952436.23,0.0,99991231
2020-10-06,BOVA11,10,93.23,92.03,1078792585.01,0.0,99991231
2020-10-07,BOVA11,10,92.41,91.95,812819077.4,0.0,99991231
2020-10-08,BOVA11,10,92.18,94.27,1098641163.21,0.0,99991231
2020-10-09,BOVA11,10,94.13,93.65,861163404.88,0.0,99991231
2020-10-13,BOVA11,10,94.1,94.8,941549179.21,0.0,99991231
2020-10-14,BOVA11,10,95.01,95.59,1092613886.66,0.0,99991231
2020-10-15,BOVA11,10,94.36,95.34,908108814.98,0.0,99991231
2020-10-16,BOVA11,10,95.12,94.54,967300866.92,0.0,99991231
2020-10-19,BOVA11,10,95.06,95.0,826626664.37,0.0,99991231
2020-10-20,BOVA11,10,95.5,96.67,909858205.61,0.0,99991231
2020-10-21,BOVA11,10,96.54,96.65,569692991.94,0.0,99991231
2020-10-22,BOVA11,10,96.68,98.06,728424475.03,0.0,99991231
2020-10-23,BOVA11,10,98.06,97.44,638149250.62,0.0,99991231
2020-10-26,BOVA11,10,97.0,97.23,855251499.91,0.0,99991231
2020-10-27,BOVA11,10,97.41,95.68,919100483.07,0.0,99991231
2020-10-28,BOVA11,10,94.0,91.56,1728167928.74,0.0,99991231
2020-10-29,BOVA11,10,91.57,92.8,1605759699.85,0.0,99991231
2020-10-30,BOVA11,10,92.23,90.66,1902595271.17,0.0,99991231
2020-11-03,BOVA11,10,92.09,92.26,1048998413.4,0.0,99991231
2020-11-04,BOVA11,10,93.51,94.16,1207718707.06,0.0,99991231
2020-11-05,BOVA11,10,95.77,96.95,1223838355.44,0.0,99991231
2020-11-06,BOVA11,10,96.09,97.19,848653144.78,0.0,99991231
2020-11-09,BOVA11,10,100.39,99.5,1959568155.2,0.0,99991231
2020-11-10,BOVA11,10,99.93,101.0,1405282484.49,0.0,99991231
2020-11-11,BOVA11,10,100.81,100.89,815122007.94,0.0,99991231
2020-11-12,BOVA11,10,100.65,98.7,1291423088.47,0.0,99991231
2020-11-13,BOVA11,10,99.39,100.83,997648730.29,0.0,99991231
2020-11-16,BOVA11,10,102.02,102.51,1312984648.55,0.0,99991231
2020-11-17,BOVA11,10,102.07,103.1,1077283606.61,0.0,99991231
2020-11-18,BOVA11,10,103.32,101.92,1285313074.0,0.0,99991231
2020-11-19,BOVA11,10,102.15,102.73,1076397228.45,0.0,99991231
2020-11-20,BOVA11,10,102.31,102.03,776336785.62,0.0,99991231
2020-11-23,BOVA11,10,102.78,103.28,859511902.13,0.0,99991231
2020-11-24,BOVA11,10,103.67,105.72,1300413751.6,0.0,99991231
2020-11-25,BOVA11,10,105.47,105.83,1537488867.88,0.0,99991231
2020-11-26,BOVA11,10,105.39,106.02,610968888.52,0.0,99991231
2020-11-27,BOVA11,10,106.3,106.44,876942323.82,0.0,99991231
2020-11-30,BOVA11,10,106.0,105.0,796613068.63,0.0,99991231
2020-12-01,BOVA11,10,106.48,107.05,1090514446.23,0.0,99991231
2020-12-02,BOVA11,10,107.34,107.75,925192684.34,0.0,99991231
2020-12-03,BOVA11,10,108.03,108.15,1134471026.39,0.0,99991231
2020-12-04,BOVA11,10,108.8,109.43,930580878.84,0.0,99991231
2020-12-07,BOVA11,10,109.41,109.31,774911305.09,0.0,99991231
2020-12-08,BOVA11,10,108.99,109.44,634293373.82,0.0,99991231
2020-12-09,BOVA11,10,109.51,108.77,690102697.29,0.0,99991231
2020-12-10,BOVA11,10,109.31,110.7,1003302275.79,0.0,99991231
2020-12-11,BOVA11,10,109.84,110.79,1041690390.14,0.0,99991231
2020-12-14,BOVA11,10,111.24,110.2,559841636.64,0.0,99991231
2020-12-15,BOVA11,10,110.72,111.76,661698518.71,0.0,99991231
2020-12-16,BOVA11,10,111.7,113.35,945573888.95,0.0,99991231
2020-12-17,BOVA11,10,113.44,113.99,1776372420.83,0.0,99991231
2020-12-18,BOVA11,10,113.79,113.5,1045082670.29,0.0,99991231
2020-12-21,BOVA11,10,111.62,111.43,1249198509.85,0.0,99991231
2020-12-22,BOVA11,10,111.62,112.25,590581678.15,0.0,99991231
2020-12-23,BOVA11,10,112.55,113.14,550437434.41,0.0,99991231
2020-12-28,BOVA11,10,114.0,114.7,621469310.5,0.0,99991231
2020-12-29,BOVA11,10,115.0,114.97,491430579.47,0.0,99991231
2020-12-30,BOVA11,10,115.32,114.65,889622889.29,0.0,99991231
2021-01-04,BOVA11,10,115.6,114.09,973070873.33,0.0,99991231
2021-01-05,BOVA11,10,114.0,114.69,1094933454.94,0.0,99991231
2021-01-06,BOVA11,10,114.56,114.55,1049862300.22,0.0,99991231
2021-01-07,BOVA11,10,114.86,118.37,1081833476.17,0.0,99991231
2021-01-08,BOVA11,10,118.49,120.4,1427556708.31,0.0,99991231
2021-01-11,BOVA11,10,119.05,118.62,1088388966.11,0.0,99991231
2021-01-12,BOVA11,10,118.79,119.45,797491660.57,0.0,99991231
2021-01-13,BOVA11,10,119.44,117.36,1215580097.55,0.0,99991231
2021-01-14,BOVA11,10,118.27,118.68,615829948.63,0.0,99991231
2021-01-15,BOVA11,10,117.5,115.78,1035956138.01,0.0,99991231
2021-01-18,BOVA11,10,116.71,116.54,808092886.33,0.0,99991231
2021-01-19,BOVA11,10,117.38,116.0,933714012.44,0.0,99991231
2021-01-20,BOVA11,10,116.7,115.24,788271109.16,0.0,99991231
2021-01-21,BOVA11,10,114.98,113.81,793620600.22,0.0,99991231
2021-01-22,BOVA11,10,112.22,113.18,853928746.02,0.0,99991231
2021-01-26,BOVA11,10,112.91,112.08,904521695.89,0.0,99991231
2021-01-27,BOVA11,10,111.7,110.96,1048519044.68,0.0,99991231
2021-01-28,BOVA11,10,111.28,114.51,1203541768.09,0.0,99991231
2021-01-29,BOVA11,10,113.09,110.56,1269713278.14,0.0,99991231
2021-02-01,BOVA11,10,112.65,113.06,848304254.95,0.0,99991231
2021-02-02,BOVA11,10,114.5,113.85,952550592.85,0.0,99991231
2021-02-03,BOVA11,10,114.4,115.25,1211774949.93,0.0,99991231
2021-02-04,BOVA11,10,115.58,114.62,925016008.28,0.0,99991231
2021-02-05,BOVA11,10,115.33,115.82,937054120.56,0.0,99991231
2021-02-08,BOVA11,10,115.41,115.18,453068292.59,0.0,99991231
2021-02-09,BOVA11,10,114.91,114.91,397201192.38,0.0,99991231
2021-02-10,BOVA11,10,115.28,113.92,1059248743.88,0.0,99991231
2021-02-11,BOVA11,10,114.73,114.9,958922657.5,0.0,99991231
2021-02-12,BOVA11,10,114.29,115.05,760749459.4,0.0,99991231
2021-02-17,BOVA11,10,114.53,115.86,618795659.84,0.0,99991231
2021-02-18,BOVA11,10,115.75,114.61,957573566.22,0.0,99991231
2021-02-19,BOVA11,10,113.98,113.82,828199721.78,0.0,99991231
2021-02-22,BOVA11,10,109.99,108.25,2910702158.16,0.0,99991231
2021-02-23,BOVA11,10,109.47,110.76,1296912260.72,0.0,99991231
2021-02-24,BOVA11,10,111.57,111.46,1143487663.02,0.0,99991231
2021-02-25,BOVA11,10,111.5,107.53,1112246719.27,0.0,99991231
2021-02-26,BOVA11,10,108.4,105.59,1474682842.24,0.0,99991231
2021-03-01,BOVA11,10,107.41,105.94,1061337371.22,0.0,99991231
2021-03-02,BOVA11,10,104.99,107.5,2273161889.96,0.0,99991231
2021-03-03,BOVA11,10,107.0,107.16,1916565801.82,0.0,99991231
2021-03-04,BOVA11,10,107.39,108.57,1411887077.71,0.0,99991231
2021-03-05,BOVA11,10,108.33,110.93,1675738990.91,0.0,99991231
2021-03-08,BOVA11,10,108.76,105.35,1690733232.34,0.0,99991231
2021-03-09,BOVA11,10,106.19,107.19,1349737638.64,0.0,99991231
2021-03-10,BOVA11,10,107.6,108.63,1187637995.31,0.0,99991231
2021-03-11,BOVA11,10,109.59,110.45,1406446520.27,0.0,99991231
2021-03-12,BOVA11,10,109.61,109.68,1058955871.06,0.0,99991231
2021-03-15,BOVA11,10,109.21,110.66,740427610.12,0.0,99991231
2021-03-16,BOVA11,10,110.28,109.69,738230566.76,0.0,99991231
2021-03-17,BOVA11,10,109.07,112.05,942454013.81,0.0,99991231
2021-03-18,BOVA11,10,111.57,110.5,1096974599.23,0.0,99991231
2021-03-19,BOVA11,10,110.86,111.7,628328600.89,0.0,99991231
2021-03-22,BOVA11,10,110.78,110.69,832433950.72,0.0,99991231
2021-03-23,BOVA11,10,110.02,109.02,743601787.34,0.0,99991231
2021-03-24,BOVA11,10,109.5,107.87,936113724.14,0.0,99991231
2021-03-25,BOVA11,10,107.73,109.38,1087740345.52,0.0,99991231
2021-03-26,BOVA11,10,109.41,110.28,1045776540.58,0.0,99991231
2021-03-29,BOVA11,10,109.84,110.96,641983201.89,0.0,99991231
2021-03-30,BOVA11,10,110.43,112.43,987536165.01,0.0,99991231
2021-03-31,BOVA11,10,112.37,112.02,947956280.74,0.0,99991231
2021-04-01,BOVA11,10,112.33,110.68,848997394.28,0.0,99991231
2021-04-05,BOVA11,10,111.92,113.21,852955654.81,0.0,99991231
2021-04-06,BOVA11,10,113.14,113.27,597244680.61,0.0,99991231
2021-04-07,BOVA11,10,112.76,113.18,924156589.53,0.0,99991231
2021-04-08,BOVA11,10,113.3,113.75,815849688.46,0.0,99991231
2021-04-09,BOVA11,10,113.2,113.01,643320038.3,0.0,99991231
2021-04-12,BOVA11,10,113.77,114.4,581048745.25,0.0,99991231
2021-04-13,BOVA11,10,114.16,114.67,816517964.1,0.0,99991231
2021-04-14,BOVA11,10,114.92,115.6,834259980.43,0.0,99991231
2021-04-15,BOVA11,10,116.16,116.2,941406508.12,0.0,99991231
2021-04-16,BOVA11,10,115.92,116.46,615006177.26,0.0,99991231
2021-04-19,BOVA11,10,116.46,116.34,1551188999.1,0.0,99991231
2021-04-20,BOVA11,10,116.1,115.48,683425425.74,0.0,99991231
2021-04-22,BOVA11,10,116.4,114.95,993542291.2,0.0,99991231
2021-04-23,BOVA11,10,115.58,115.97,711775319.2,0.0,99991231
2021-04-26,BOVA11,10,116.73,115.95,605046868.59,0.0,99991231
2021-04-27,BOVA11,10,116.02,114.78,711752502.55,0.0,99991231
2021-04-28,BOVA11,10,115.48,116.4,1029629901.38,0.0,99991231
2021-04-29,BOVA11,10,116.63,115.32,1052212753.62,0.0,99991231
2021-04-30,BOVA11,10,114.78,114.4,693039089.53,0.0,99991231
2021-05-03,BOVA11,10,115.3,114.68,620416848.91,0.0,99991231
2021-05-04,BOVA11,10,114.8,113.27,1016327041.65,0.0,99991231
2021-05-05,BOVA11,10,114.05,115.15,832534381.67,0.0,99991231
2021-05-06,BOVA11,10,114.97,115.43,888883418.15,0.0,99991231
2021-05-07,BOVA11,10,115.76,117.46,546250969.2,0.0,99991231
2021-05-10,BOVA11,10,117.75,117.14,713399930.89,0.0,99991231
2021-05-11,BOVA11,10,116.0,118.13,766159911.34,0.0,99991231
2021-05-12,BOVA11,10,116.86,115.27,1070437853.36,0.0,99991231
2021-05-13,BOVA11,10,115.61,116.04,881880273.33,0.0,99991231
2021-05-14,BOVA11,10,117.18,117.24,590989193.29,0.0,99991231
2021-05-17,BOVA11,10,117.07,118.31,624142882.2,0.0,99991231
2021-05-18,BOVA11,10,118.09,118.19,649366457.56,0.0,99991231
2021-05-19,BOVA11,10,117.07,118.01,571882694.46,0.0,99991231
2021-05-20,BOVA11,10,118.05,117.91,571655213.15,0.0,99991231
2021-05-21,BOVA11,10,118.01,118.01,622512209.34,0.0,99991231
2021-05-24,BOVA11,10,118.26,119.26,689183929.13,0.0,99991231
2021-05-25,BOVA11,10,119.89,118.4,678328606.06,0.0,99991231
2021-05-26,BOVA11,10,118.94,119.24,563437078.46,0.0,99991231
2021-05-27,BOVA11,10,119.46,119.59,722162395.0,0.0,99991231
2021-05-28,BOVA11,10,119.75,120.72,724799283.32,0.0,99991231
2021-05-31,BOVA11,10,120.84,121.25,571308678.42,0.0,99991231
2021-06-01,BOVA11,10,122.49,123.33,877363169.78,0.0,99991231
2021-06-02,BOVA11,10,123.51,124.67,921089917.64,0.0,99991231
2021-06-04,BOVA11,10,124.46,125.05,590677149.91,0.0,99991231
2021-06-07,BOVA11,10,124.8,125.75,700964244.55,0.0,99991231
2021-06-08,BOVA11,10,125.5,124.71,833664806.73,0.0,99991231
2021-06-09,BOVA11,10,124.91,124.88,677700927.32,0.0,99991231
2021-06-10,BOVA11,10,125.36,125.0,627312340.6,0.0,99991231
2021-06-11,BOVA11,10,125.57,124.48,562662855.78,0.0,99991231
2021-06-14,BOVA11,10,125.29,125.15,674164980.7,0.0,99991231
2021-06-15,BOVA11,10,125.17,125.18,558862717.3,0.0,99991231
2021-06-16,BOVA11,10,125.38,124.22,901239686.94,0.0,99991231
2021-06-17,BOVA11,10,124.21,123.09,656292731.57,0.0,99991231
2021-06-18,BOVA11,10,123.39,123.27,597853796.64,0.0,99991231
2021-06-21,BOVA11,10,123.22,124.23,610712082.18,0.0,99991231
2021-06-22,BOVA11,10,123.76,123.82,566925382.2,0.0,99991231
2021-06-23,BOVA11,10,123.82,123.54,613049960.7,0.0,99991231
2021-06-24,BOVA11,10,124.74,124.53,463790567.07,0.0,99991231
2021-06-25,BOVA11,10,124.93,122.5,696219547.22,0.0,99991231
2021-06-28,BOVA11,10,122.57,122.45,729673273.25,0.0,99991231
2021-06-29,BOVA11,10,122.55,122.31,646489209.14,0.0,99991231
2021-06-30,BOVA11,10,121.87,121.81,542326320.58,0.0,99991231
2021-07-01,BOVA11,10,122.12,120.73,779731622.52,0.0,99991231
2021-07-02,BOVA11,10,121.71,122.78,835718657.63,0.0,99991231
2021-07-05,BOVA11,10,122.58,121.97,545157628.05,0.0,99991231
2021-07-06,BOVA11,10,121.5,120.3,695320034.33,0.0,99991231
2021-07-07,BOVA11,10,121.5,122.28,541805136.1,0.0,99991231
2021-07-08,BOVA11,10,120.03,120.66,664826980.7,0.0,99991231
2021-07-12,BOVA11,10,121.44,122.78,477710007.97,0.0,99991231
2021-07-13,BOVA11,10,122.2,123.32,684418376.2,0.0,99991231
2021-07-14,BOVA11,10,124.3,123.47,793532464.25,0.0,99991231
2021-07-15,BOVA11,10,123.23,122.8,489797363.52,0.0,99991231
2021-07-16,BOVA11,10,123.01,121.15,819796400.59,0.0,99991231
2021-07-19,BOVA11,10,119.5,119.74,785276605.84,0.0,99991231
2021-07-20,BOVA11,10,119.38,120.6,842429580.9,0.0,99991231
2021-07-21,BOVA11,10,120.65,121.12,507516589.76,0.0,99991231
2021-07-22,BOVA11,10,121.08,121.43,268502736.26,0.0,99991231
2021-07-23,BOVA11,10,121.33,120.2,491039821.47,0.0,99991231
2021-07-26,BOVA11,10,120.32,121.2,441345646.2,0.0,99991231
2021-07-27,BOVA11,10,120.74,119.76,562511447.72,0.0,99991231
2021-07-28,BOVA11,10,120.9,121.45,987459171.49,0.0,99991231
2021-07-29,BOVA11,10,121.42,120.73,429857342.9,0.0,99991231
2021-07-30,BOVA11,10,119.65,117.11,999193420.07,0.0,99991231
2021-08-02,BOVA11,10,118.88,117.6,972115834.99,0.0,99991231
2021-08-03,BOVA11,10,117.79,118.73,801017291.43,0.0,99991231
2021-08-04,BOVA11,10,118.21,116.96,763912294.18,0.0,99991231
2021-08-05,BOVA11,10,118.24,116.93,1109904171.75,0.0,99991231
2021-08-06,BOVA11,10,117.4,118.24,604721591.92,0.0,99991231
2021-08-09,BOVA11,10,117.79,118.14,722547251.6,0.0,99991231
2021-08-10,BOVA11,10,118.5,117.57,695603185.58,0.0,99991231
2021-08-11,BOVA11,10,117.49,117.26,695693588.04,0.0,99991231
2021-08-12,BOVA11,10,117.29,115.87,893055687.02,0.0,99991231
2021-08-13,BOVA11,10,116.45,116.56,642638842.04,0.0,99991231
2021-08-16,BOVA11,10,116.18,114.63,1133249023.23,0.0,99991231
2021-08-17,BOVA11,10,114.3,113.35,1507683340.52,0.0,99991231
2021-08-18,BOVA11,10,113.06,112.06,1621445255.57,0.0,99991231
2021-08-19,BOVA11,10,110.82,112.85,1381959502.7,0.0,99991231
2021-08-20,BOVA11,10,111.49,113.65,872383355.93,0.0,99991231
2021-08-23,BOVA11,10,113.65,113.05,567708113.21,0.0,99991231
2021-08-24,BOVA11,10,114.55,115.63,846766822.73,0.0,99991231
2021-08-25,BOVA11,10,115.11,116.14,558700779.65,0.0,99991231
2021-08-26,BOVA11,10,115.66,114.07,762168166.14,0.0,99991231
2021-08-27,BOVA11,10,114.65,116.18,560744760.05,0.0,99991231
2021-08-30,BOVA11,10,115.75,115.08,693758267.27,0.0,99991231
2021-08-31,BOVA11,10,114.98,114.08,673599996.64,0.0,99991231
2021-09-01,BOVA11,10,114.15,114.8,602968432.8,0.0,99991231
2021-09-02,BOVA11,10,114.14,112.15,775204760.29,0.0,99991231
2021-09-03,BOVA11,10,113.01,112.09,968983558.29,0.0,99991231
2021-09-06,BOVA11,10,112.0,113.48,674871562.32,0.0,99991231
2021-09-08,BOVA11,10,113.19,109.08,1771873638.92,0.0,99991231
2021-09-09,BOVA11,10,109.55,111.51,1518950955.05,0.0,99991231
2021-09-10,BOVA11,10,112.3,109.88,1544596027.45,0.0,99991231
2021-09-13,BOVA11,10,111.68,112.12,902413682.35,0.0,99991231
2021-09-14,BOVA11,10,112.02,111.7,877802942.35,0.0,99991231
2021-09-15,BOVA11,10,111.74,110.68,800492198.44,0.0,99991231
2021-09-16,BOVA11,10,109.77,109.44,865955295.36,0.0,99991231
2021-09-17,BOVA11,10,109.18,107.14,1013975360.94,0.0,99991231
2021-09-20,BOVA11,10,105.25,104.77,1662180366.86,0.0,99991231
2021-09-21,BOVA11,10,105.3,105.77,1327267629.3,0.0,99991231
2021-09-22,BOVA11,10,107.6,107.99,1632546473.36,0.0,99991231
2021-09-23,BOVA11,10,108.27,109.6,1372231226.13,0.0,99991231
2021-09-24,BOVA11,10,108.61,109.03,860244833.81,0.0,99991231
2021-09-27,BOVA11,10,108.93,108.89,984600332.97,0.0,99991231
2021-09-28,BOVA11,10,108.57,105.83,1203645624.62,0.0,99991231
2021-09-29,BOVA11,10,106.88,106.83,787833394.18,0.0,99991231
2021-09-30,BOVA11,10,107.35,106.49,975445447.78,0.0,99991231
2021-10-01,BOVA11,10,107.01,108.49,869168918.2,0.0,99991231
2021-10-04,BOVA11,10,107.51,106.18,712246949.44,0.0,99991231
2021-10-05,BOVA11,10,106.23,106.12,1206200129.9,0.0,99991231
2021-10-06,BOVA11,10,104.71,106.37,1388689127.2,0.0,99991231
2021-10-07,BOVA11,10,106.73,106.42,921428007.33,0.0,99991231
2021-10-08,BOVA11,10,107.82,108.39,720214090.64,0.0,99991231
2021-10-11,BOVA11,10,108.66,107.75,581898986.53,0.0,99991231
2021-10-13,BOVA11,10,108.03,109.24,1039555714.2,0.0,99991231
2021-10-14,BOVA11,10,109.45,108.97,719348532.65,0.0,99991231
2021-10-15,BOVA11,10,109.05,110.22,1196524765.88,0.0,99991231
2021-10-18,BOVA11,10,108.8,109.95,841914246.55,0.0,99991231
2021-10-19,BOVA11,10,108.33,106.8,2024278075.08,0.0,99991231
2021-10-20,BOVA11,10,107.19,106.4,1094054266.32,0.0,99991231
2021-10-21,BOVA11,10,104.49,103.65,1567318153.95,0.0,99991231
2021-10-22,BOVA11,10,102.46,102.33,2762153314.4,0.0,99991231
2021-10-25,BOVA11,10,103.74,104.55,2432102497.08,0.0,99991231
2021-10-26,BOVA11,10,103.37,102.25,1153847636.58,0.0,99991231
2021-10-27,BOVA11,10,103.15,102.4,994455489.19,0.0,99991231
2021-10-28,BOVA11,10,101.84,100.61,799169506.73,0.0,99991231
2021-10-29,BOVA11,10,101.99,99.68,1161358054.98,0.0,99991231
2021-11-01,BOVA11,10,100.76,101.52,1230007551.42,0.0,99991231
2021-11-03,BOVA11,10,100.8,102.0,1590477724.68,0.0,99991231
2021-11-04,BOVA11,10,101.52,99.65,1497765728.25,0.0,99991231
2021-11-05,BOVA11,10,100.5,100.81,726615045.77,0.0,99991231
2021-11-08,BOVA11,10,100.12,100.83,722336500.09,0.0,99991231
2021-11-09,BOVA11,10,100.98,101.39,948010638.11,0.0,99991231
2021-11-10,BOVA11,10,101.26,102.02,954906788.97,0.0,99991231
2021-11-11,BOVA11,10,103.54,103.55,1335058259.05,0.0,99991231
2021-11-12,BOVA11,10,103.3,102.13,774691675.33,0.0,99991231
2021-11-16,BOVA11,10,102.73,100.36,955674621.48,0.0,99991231
2021-11-17,BOVA11,10,101.5,99.25,860304364.22,0.0,99991231
2021-11-18,BOVA11,10,99.37,98.65,1038659727.29,0.0,99991231
2021-11-19,BOVA11,10,98.79,99.27,850894115.31,0.0,99991231
2021-11-22,BOVA11,10,99.53,98.24,865661543.36,0.0,99991231
2021-11-23,BOVA11,10,99.17,100.0,1234220524.32,0.0,99991231
2021-11-24,BOVA11,10,99.14,100.66,1593900747.07,0.0,99991231
2021-11-25,BOVA11,10,101.01,101.99,875506527.94,0.0,99991231
2021-11-26,BOVA11,10,99.39,98.39,1023950771.4,0.0,99991231
2021-11-29,BOVA11,10,99.64,99.01,705884781.47,0.0,99991231
2021-11-30,BOVA11,10,98.59,98.35,1104397044.54,0.0,99991231
2021-12-01,BOVA11,10,99.26,97.09,1395970301.22,0.0,99991231
2021-12-02,BOVA11,10,98.45,100.43,1169942969.6,0.0,99991231
2021-12-03,BOVA11,10,100.86,101.32,1161237715.05,0.0,99991231
2021-12-06,BOVA11,10,101.98,103.0,952384973.75,0.0,99991231
2021-12-07,BOVA11,10,104.5,103.63,743804365.78,0.0,99991231
2021-12-08,BOVA11,10,103.85,104.2,633280171.48,0.0,99991231
2021-12-09,BOVA11,10,103.37,102.14,730243063.36,0.0,99991231
2021-12-10,BOVA11,10,103.6,103.73,598857517.7,0.0,99991231
2021-12-13,BOVA11,10,103.9,103.5,891417536.93,0.0,99991231
2021-12-14,BOVA11,10,104.59,102.7,594199965.51,0.0,99991231
2021-12-15,BOVA11,10,102.7,103.2,688140300.07,0.0,99991231
2021-12-16,BOVA11,10,104.5,104.41,938192445.35,0.0,99991231
2021-12-17,BOVA11,10,103.38,103.1,970306096.95,0.0,99991231
2021-12-20,BOVA11,10,101.98,101.0,975546931.65,0.0,99991231
2021-12-21,BOVA11,10,101.89,101.42,636304263.2,0.0,99991231
2021-12-22,BOVA11,10,101.7,101.43,734966803.77,0.0,99991231
2021-12-23,BOVA11,10,101.6,100.85,509873103.54,0.0,99991231
2021-12-27,BOVA11,10,101.4,101.6,535574114.14,0.0,99991231
2021-12-28,BOVA11,10,101.83,101.06,723246464.15,0.0,99991231
2021-12-29,BOVA11,10,101.24,100.25,737896880.75,0.0,99991231
2021-12-30,BOVA11,10,100.81,100.8,343641196.06,0.0,99991231
2022-01-03,BOVA11,10,101.49,99.93,966313615.87,0.0,99991231
2022-01-04,BOVA11,10,100.46,99.57,784355326.17,0.0,99991231
2022-01-05,BOVA11,10,99.29,97.1,1404564386.82,0.0,99991231
2022-01-06,BOVA11,10,97.64,97.85,724842862.9,0.0,99991231
2022-01-07,BOVA11,10,97.79,98.7,907437276.01,0.0,99991231
2022-01-10,BOVA11,10,97.96,98.43,597974922.04,0.0,99991231
2022-01-11,BOVA11,10,98.13,100.1,887882202.17,0.0,99991231
2022-01-12,BOVA11,10,100.3,101.91,520844387.71,0.0,99991231
2022-01-13,BOVA11,10,101.2,101.55,724675367.85,0.0,99991231
2022-01-14,BOVA11,10,101.6,103.07,617877704.04,0.0,99991231
2022-01-17,BOVA11,10,102.54,102.58,382993329.94,0.0,99991231
2022-01-18,BOVA11,10,102.27,102.85,633060898.13,0.0,99991231
2022-01-19,BOVA11,10,103.85,104.05,500453734.34,0.0,99991231
2022-01-20,BOVA11,10,104.57,104.9,966256879.4,0.0,99991231
2022-01-21,BOVA11,10,104.46,104.7,844618957.2,0.0,99991231
2022-01-24,BOVA11,10,104.49,104.08,1032134534.02,0.0,99991231
2022-01-25,BOVA11,10,103.42,106.33,1090311802.61,0.0,99991231
2022-01-26,BOVA11,10,107.43,107.39,991120411.56,0.0,99991231
2022-01-27,BOVA11,10,108.26,108.2,1223102968.79,0.0,99991231
2022-01-28,BOVA11,10,107.74,107.58,830500884.71,0.0,99991231
2022-01-31,BOVA11,10,107.29,107.98,1248940547.85,0.0,99991231
2022-02-01,BOVA11,10,108.24,109.15,809466255.86,0.0,99991231
2022-02-02,BOVA11,10,109.09,107.69,850374621.36,0.0,99991231
2022-02-03,BOVA11,10,108.04,107.77,549471001.29,0.0,99991231
2022-02-04,BOVA11,10,107.43,108.02,585372393.63,0.0,99991231
2022-02-07,BOVA11,10,107.77,107.72,825617689.76,0.0,99991231
2022-02-08,BOVA11,10,107.04,108.23,628263894.19,0.0,99991231
2022-02-09,BOVA11,10,107.85,108.23,693989915.42,0.0,99991231
2022-02-10,BOVA11,10,108.79,109.1,667349533.51,0.0,99991231
2022-02-11,BOVA11,10,109.9,109.31,1111758045.68,0.0,99991231
2022-02-14,BOVA11,10,109.66,109.52,980138265.83,0.0,99991231
2022-02-15,BOVA11,10,109.94,110.6,663125312.74,0.0,99991231
2022-02-16,BOVA11,10,111.06,110.77,716006002.59,0.0,99991231
2022-02-17,BOVA11,10,110.58,109.1,838297285.85,0.0,99991231
2022-02-18,BOVA11,10,109.86,108.51,877296403.04,0.0,99991231
2022-02-21,BOVA11,10,108.95,107.45,769751546.53,0.0,99991231
2022-02-22,BOVA11,10,108.91,109.0,669460709.05,0.0,99991231
2022-02-23,BOVA11,10,109.03,107.58,781151539.11,0.0,99991231
2022-02-24,BOVA11,10,105.24,107.48,1354931514.15,0.0,99991231
2022-02-25,BOVA11,10,107.05,108.9,728413404.57,0.0,99991231
2022-03-02,BOVA11,10,110.2,111.1,516635511.85,0.0,99991231
2022-03-03,BOVA11,10,111.09,111.02,671836891.2,0.0,99991231
2022-03-04,BOVA11,10,110.66,110.4,852340438.73,0.0,99991231
2022-03-07,BOVA11,10,110.0,107.11,1160770768.72,0.0,99991231
2022-03-08,BOVA11,10,107.88,107.29,1388870691.24,0.0,99991231
2022-03-09,BOVA11,10,108.02,109.78,928499301.89,0.0,99991231
2022-03-10,BOVA11,10,109.07,109.4,771983315.29,0.0,99991231
2022-03-11,BOVA11,10,110.13,107.7,739457162.6,0.0,99991231
2022-03-14,BOVA11,10,108.19,106.04,527673724.35,0.0,99991231
2022-03-15,BOVA11,10,105.01,104.9,1022955168.62,0.0,99991231
2022-03-16,BOVA11,10,106.0,107.14,1306806484.56,0.0,99991231
2022-03-17,BOVA11,10,107.46,108.83,984725067.5,0.0,99991231
2022-03-18,BOVA11,10,108.54,110.73,1137711337.88,0.0,99991231
2022-03-21,BOVA11,10,111.19,111.94,1248686331.59,0.0,99991231
2022-03-22,BOVA11,10,112.67,113.1,677497584.8,0.0,99991231
2022-03-23,BOVA11,10,113.13,112.9,989236985.96,0.0,99991231
2022-03-24,BOVA11,10,113.35,114.74,865133675.55,0.0,99991231
2022-03-25,BOVA11,10,115.0,114.75,868633785.94,0.0,99991231
2022-03-28,BOVA11,10,114.89,114.51,584784559.87,0.0,99991231
2022-03-29,BOVA11,10,115.82,115.75,1019012063.52,0.0,99991231
2022-03-30,BOVA11,10,115.8,115.9,468557420.8,0.0,99991231
2022-03-31,BOVA11,10,115.91,115.6,560928332.04,0.0,99991231
2022-04-01,BOVA11,10,116.58,117.2,689372267.07,0.0,99991231
2022-04-04,BOVA11,10,116.85,116.8,262066198.89,0.0,99991231
2022-04-05,BOVA11,10,116.71,114.51,859614907.13,0.0,99991231
2022-04-06,BOVA11,10,114.12,113.87,995888952.14,0.0,99991231
2022-04-07,BOVA11,10,113.27,114.65,512568659.93,0.0,99991231
2022-04-08,BOVA11,10,113.95,113.98,438148594.91,0.0,99991231
2022-04-11,BOVA11,10,112.85,112.57,396647370.41,0.0,99991231
2022-04-12,BOVA11,10,113.97,111.77,428496725.53,0.0,99991231
2022-04-13,BOVA11,10,112.6,112.52,519717673.53,0.0,99991231
2022-04-14,BOVA11,10,112.0,111.65,349778155.3,0.0,99991231
2022-04-18,BOVA11,10,111.62,111.46,426633396.79,0.0,99991231
2022-04-19,BOVA11,10,110.76,110.92,463790790.15,0.0,99991231
2022-04-20,BOVA11,10,110.52,110.05,403082362.46,0.0,99991231
2022-04-22,BOVA11,10,109.37,106.75,844189441.68,0.0,99991231
2022-04-25,BOVA11,10,105.78,106.76,754478534.93,0.0,99991231
2022-04-26,BOVA11,10,105.9,104.28,710236037.4,0.0,99991231
2022-04-27,BOVA11,10,105.93,105.52,926858708.25,0.0,99991231
2022-04-28,BOVA11,10,106.06,105.86,687222791.16,0.0,99991231
2022-04-29,BOVA11,10,107.29,103.4,821162954.69,0.0,99991231
2022-05-02,BOVA11,10,103.67,102.72,1070958701.73,0.0,99991231
2022-05-03,BOVA11,10,102.85,102.72,868178345.29,0.0,99991231
2022-05-04,BOVA11,10,101.97,104.38,941944718.86,0.0,99991231
2022-05-05,BOVA11,10,103.19,101.5,1371711330.16,0.0,99991231
2022-05-06,BOVA11,10,101.52,101.23,1287750915.01,0.0,99991231
2022-05-09,BOVA11,10,99.8,99.68,812204575.18,0.0,99991231
2022-05-10,BOVA11,10,100.16,99.24,582539912.16,0.0,99991231
2022-05-11,BOVA11,10,99.61,100.64,918260602.21,0.0,99991231
2022-05-12,BOVA11,10,100.0,102.04,851001387.68,0.0,99991231
2022-05-13,BOVA11,10,102.34,103.29,860899286.31,0.0,99991231
2022-05-16,BOVA11,10,103.36,104.4,915508300.7,0.0,99991231
2022-05-17,BOVA11,10,105.55,104.9,455855945.74,0.0,99991231
2022-05-18,BOVA11,10,104.78,102.21,1053650776.53,0.0,99991231
2022-05-19,BOVA11,10,102.41,103.08,1014921978.67,0.0,99991231
2022-05-20,BOVA11,10,104.5,104.66,847228356.45,0.0,99991231
2022-05-23,BOVA11,10,105.47,106.76,739942428.48,0.0,99991231
2022-05-24,BOVA11,10,105.24,106.64,843256336.46,0.0,99991231
2022-05-25,BOVA11,10,106.19,106.66,617345849.51,0.0,99991231
2022-05-26,BOVA11,10,106.67,108.02,472826512.91,0.0,99991231
2022-05-27,BOVA11,10,107.73,107.9,550893852.65,0.0,99991231
2022-05-30,BOVA11,10,108.7,106.92,326758752.07,0.0,99991231
2022-05-31,BOVA11,10,107.74,107.18,323212929.79,0.0,99991231
2022-06-01,BOVA11,10,107.33,107.47,495397857.27,0.0,99991231
2022-06-02,BOVA11,10,108.35,108.43,580365010.46,0.0,99991231
2022-06-03,BOVA11,10,107.9,107.48,968879471.95,0.0,99991231
2022-06-06,BOVA11,10,107.61,106.42,496288449.56,0.0,99991231
2022-06-07,BOVA11,10,105.88,106.15,558611581.27,0.0,99991231
2022-06-08,BOVA11,10,105.23,104.6,850334458.07,0.0,99991231
2022-06-09,BOVA11,10,104.19,103.68,900678755.12,0.0,99991231
2022-06-10,BOVA11,10,102.4,101.82,1099846884.49,0.0,99991231
2022-06-13,BOVA11,10,100.1,99.12,1529563628.17,0.0,99991231
2022-06-14,BOVA11,10,99.22,98.36,978310291.48,0.0,99991231
2022-06-15,BOVA11,10,99.61,99.38,1131352917.4,0.0,99991231
2022-06-17,BOVA11,10,97.59,96.21,2056680699.89,0.0,99991231
2022-06-20,BOVA11,10,96.2,96.29,694852199.16,0.0,99991231
2022-06-21,BOVA11,10,97.07,96.4,685502491.55,0.0,99991231
2022-06-22,BOVA11,10,95.24,96.03,777121823.78,0.0,99991231
2022-06-23,BOVA11,10,96.46,94.66,628591292.76,0.0,99991231
2022-06-24,BOVA11,10,95.55,95.47,1372904396.52,0.0,99991231
2022-06-27,BOVA11,10,96.06,97.35,785060227.55,0.0,99991231
2022-06-28,BOVA11,10,98.07,97.05,787352649.91,0.0,99991231
2022-06-29,BOVA11,10,97.37,96.0,661736366.18,0.0,99991231
2022-06-30,BOVA11,10,94.5,95.0,862915572.74,0.0,99991231
2022-07-01,BOVA11,10,94.36,95.63,882380084.28,0.0,99991231
2022-07-04,BOVA11,10,94.99,95.2,583808795.49,0.0,99991231
2022-07-05,BOVA11,10,94.42,94.8,762864161.49,0.0,99991231
2022-07-06,BOVA11,10,94.58,95.42,644957721.42,0.0,99991231
2022-07-07,BOVA11,10,96.62,97.38,883331600.16,0.0,99991231
2022-07-08,BOVA11,10,97.52,96.88,682470271.33,0.0,99991231
2022-07-11,BOVA11,10,95.36,94.8,694645015.6,0.0,99991231
2022-07-12,BOVA11,10,94.27,94.9,779384983.01,0.0,99991231
2022-07-13,BOVA11,10,94.2,94.51,553314164.41,0.0,99991231
2022-07-14,BOVA11,10,93.03,92.55,899780469.64,0.0,99991231
2022-07-15,BOVA11,10,92.88,93.27,723600671.82,0.0,99991231
2022-07-18,BOVA11,10,94.0,93.37,776583731.6,0.0,99991231
2022-07-19,BOVA11,10,93.72,94.7,1144196755.1,0.0,99991231
2022-07-20,BOVA11,10,94.2,94.95,715825208.64,0.0,99991231
2022-07-21,BOVA11,10,93.99,95.35,735277795.62,0.0,99991231
2022-07-22,BOVA11,10,95.79,95.42,481477550.67,0.0,99991231
2022-07-25,BOVA11,10,96.31,96.75,404853540.0,0.0,99991231
2022-07-26,BOVA11,10,96.88,96.15,460479121.34,0.0,99991231
2022-07-27,BOVA11,10,96.77,97.83,471237869.51,0.0,99991231
2022-07-28,BOVA11,10,98.01,99.1,666458058.75,0.0,99991231
2022-07-29,BOVA11,10,99.29,99.3,589418671.85,0.0,99991231
2022-08-01,BOVA11,10,99.27,98.56,709836731.48,0.0,99991231
2022-08-02,BOVA11,10,98.3,99.53,511744562.32,0.0,99991231
2022-08-03,BOVA11,10,99.77,100.2,533773105.85,0.0,99991231
2022-08-04,BOVA11,10,100.96,102.48,913769662.11,0.0,99991231
2022-08-05,BOVA11,10,102.35,102.74,1027343728.42,0.0,99991231
2022-08-08,BOVA11,10,103.35,104.8,1041323322.05,0.0,99991231
2022-08-09,BOVA11,10,105.44,105.05,556404681.08,0.0,99991231
2022-08-10,BOVA11,10,106.21,106.56,963819322.86,0.0,99991231
2022-08-11,BOVA11,10,107.31,105.88,1135473576.86,0.0,99991231
2022-08-12,BOVA11,10,106.77,108.64,931250091.52,0.0,99991231
2022-08-15,BOVA11,10,107.55,108.97,845645189.71,0.0,99991231
2022-08-16,BOVA11,10,109.0,109.76,629358344.83,0.0,99991231
2022-08-17,BOVA11,10,108.7,109.99,1028259038.12,0.0,99991231
2022-08-18,BOVA11,10,110.16,109.94,583379813.4,0.0,99991231
2022-08-19,BOVA11,10,108.82,107.53,1229471188.84,0.0,99991231
2022-08-22,BOVA11,10,106.76,106.73,885064969.64,0.0,99991231
2022-08-23,BOVA11,10,107.04,109.1,951879148.63,0.0,99991231
2022-08-24,BOVA11,10,108.93,109.18,520945040.35,0.0,99991231
2022-08-25,BOVA11,10,109.83,109.6,399670777.62,0.0,99991231
2022-08-26,BOVA11,10,110.08,108.36,746135371.96,0.0,99991231
2022-08-29,BOVA11,10,107.91,108.4,794442652.43,0.0,99991231
2022-08-30,BOVA11,10,108.7,106.4,533414091.25,0.0,99991231
2022-08-31,BOVA11,10,106.83,105.83,550938806.37,0.0,99991231
2022-09-01,BOVA11,10,106.07,106.59,486094438.47,0.0,99991231
2022-09-02,BOVA11,10,107.36,107.09,687338012.13,0.0,99991231
2022-09-05,BOVA11,10,108.27,108.45,444372083.29,0.0,99991231
2022-09-06,BOVA11,10,106.93,105.95,478040560.7,0.0,99991231
2022-09-08,BOVA11,10,106.11,106.18,669147233.42,0.0,99991231
2022-09-09,BOVA11,10,107.54,108.4,938848314.6,0.0,99991231
2022-09-12,BOVA11,10,109.6,109.55,490803162.02,0.0,99991231
2022-09-13,BOVA11,10,107.94,106.98,617622655.34,0.0,99991231
2022-09-14,BOVA11,10,106.69,106.75,392274511.85,0.0,99991231
2022-09-15,BOVA11,10,106.76,106.11,516009179.03,0.0,99991231
2022-09-16,BOVA11,10,105.19,105.6,942752445.53,0.0,99991231
2022-09-19,BOVA11,10,104.83,108.22,712936045.5,0.0,99991231
2022-09-20,BOVA11,10,108.5,108.85,809506606.96,0.0,99991231
2022-09-21,BOVA11,10,108.9,108.16,1017518885.54,0.0,99991231
2022-09-22,BOVA11,10,109.58,110.13,772643372.65,0.0,99991231
2022-09-23,BOVA11,10,108.21,107.84,691907609.08,0.0,99991231
2022-09-26,BOVA11,10,107.0,105.13,867484661.35,0.0,99991231
2022-09-27,BOVA11,10,106.45,104.68,845206816.06,0.0,99991231
