data_pregao,cod_negociacao,especificacao_papel,tipo_mercado,preco_ultimo_negocio,preco_maximo,volume_total_negociado,preco_exercicio,data_vencimento
2018-01-02,ELET3,ON      N1,10,18.79,19.63,52442879.0,0.0,99991231
2018-01-03,ELET3,ON      N1,10,18.55,18.87,27218358.0,0.0,99991231
2018-01-04,ELET3,ON      N1,10,18.43,18.68,46690444.0,0.0,99991231
2018-01-05,ELET3,ON      N1,10,18.26,18.61,32480740.0,0.0,99991231
2018-01-08,ELET3,ON      N1,10,18.38,18.5,24283078.0,0.0,99991231
2018-01-09,ELET3,ON      N1,10,17.65,18.44,55150561.0,0.0,99991231
2018-01-10,ELET3,ON      N1,10,16.94,17.77,68022491.0,0.0,99991231
2018-01-11,ELET3,ON      N1,10,17.2,17.4,34047299.0,0.0,99991231
2018-01-12,ELET3,ON      N1,10,16.81,17.37,50410730.0,0.0,99991231
2018-01-15,ELET3,ON      N1,10,17.03,17.15,28336740.0,0.0,99991231
2018-01-16,ELET3,ON      N1,10,17.22,17.61,56347425.0,0.0,99991231
2018-01-17,ELET3,ON      N1,10,17.27,17.43,32870446.0,0.0,99991231
2018-01-18,ELET3,ON      N1,10,17.15,17.41,28578341.0,0.0,99991231
2018-01-19,ELET3,ON      N1,10,17.5,17.77,34859391.0,0.0,99991231
2018-01-22,ELET3,ON      N1,10,18.77,19.47,174094371.0,0.0,99991231
2018-01-23,ELET3,ON      N1,10,18.13,18.94,41210400.0,0.0,99991231
2018-01-24,ELET3,ON      N1,10,19.55,19.6,98183876.0,0.0,99991231
2018-01-26,ELET3,ON      N1,10,20.25,20.27,97068359.0,0.0,99991231
2018-01-29,ELET3,ON      N1,10,20.22,20.47,35020921.0,0.0,99991231
2018-01-30,ELET3,ON      N1,10,20.0,20.31,44838395.0,0.0,99991231
2018-01-31,ELET3,ON      N1,10,20.33,20.88,58416276.0,0.0,99991231
2018-02-01,ELET3,ON      N1,10,20.4,20.83,56016703.0,0.0,99991231
2018-02-02,ELET3,ON      N1,10,19.79,20.35,67788576.0,0.0,99991231
2018-02-05,ELET3,ON      N1,10,19.79,20.3,47722832.0,0.0,99991231
2018-02-06,ELET3,ON      N1,10,20.89,21.0,61652961.0,0.0,99991231
2018-02-07,ELET3,ON      N1,10,21.06,21.99,72948941.0,0.0,99991231
2018-02-08,ELET3,ON      N1,10,21.64,22.02,81453121.0,0.0,99991231
2018-02-09,ELET3,ON      N1,10,21.12,22.77,167975111.0,0.0,99991231
2018-02-14,ELET3,ON      N1,10,21.53,21.8,46029280.0,0.0,99991231
2018-02-15,ELET3,ON      N1,10,21.44,21.99,31497832.0,0.0,99991231
2018-02-16,ELET3,ON      N1,10,21.45,21.6,30887444.0,0.0,99991231
2018-02-19,ELET3,ON      N1,10,21.42,21.71,14524356.0,0.0,99991231
2018-02-20,ELET3,ON      N1,10,22.88,23.06,124932896.0,0.0,99991231
2018-02-21,ELET3,ON      N1,10,23.35,24.84,279289782.0,0.0,99991231
2018-02-22,ELET3,ON      N1,10,23.89,24.4,104401311.0,0.0,99991231
2018-02-23,ELET3,ON      N1,10,24.9,24.9,84279798.0,0.0,99991231
2018-02-26,ELET3,ON      N1,10,24.46,25.5,66056926.0,0.0,99991231
2018-02-27,ELET3,ON      N1,10,24.9,25.55,70396172.0,0.0,99991231
2018-02-28,ELET3,ON      N1,10,24.77,25.17,106228420.0,0.0,99991231
2018-03-01,ELET3,ON      N1,10,24.17,24.97,73973730.0,0.0,99991231
2018-03-02,ELET3,ON      N1,10,24.71,24.71,42197999.0,0.0,99991231
2018-03-05,ELET3,ON      N1,10,24.67,25.1,42467110.0,0.0,99991231
2018-03-06,ELET3,ON      N1,10,24.4,25.02,64869434.0,0.0,99991231
2018-03-07,ELET3,ON      N1,10,23.65,24.49,59846072.0,0.0,99991231
2018-03-08,ELET3,ON      N1,10,23.23,23.85,81160257.0,0.0,99991231
2018-03-09,ELET3,ON      N1,10,23.9,23.98,63002922.0,0.0,99991231
2018-03-12,ELET3,ON      N1,10,24.88,24.91,48612444.0,0.0,99991231
2018-03-13,ELET3,ON      N1,10,24.48,25.0,65670872.0,0.0,99991231
2018-03-14,ELET3,ON      N1,10,22.8,24.54,117082975.0,0.0,99991231
2018-03-15,ELET3,ON      N1,10,22.7,23.31,57366275.0,0.0,99991231
2018-03-16,ELET3,ON      N1,10,22.31,23.0,57487748.0,0.0,99991231
2018-03-19,ELET3,ON      N1,10,22.24,22.44,48749181.0,0.0,99991231
2018-03-20,ELET3,ON      N1,10,22.15,22.56,46679371.0,0.0,99991231
2018-03-21,ELET3,ON      N1,10,21.45,22.28,76354691.0,0.0,99991231
2018-03-22,ELET3,ON      N1,10,21.36,21.99,67436405.0,0.0,99991231
2018-03-23,ELET3,ON      N1,10,21.18,21.65,57591426.0,0.0,99991231
2018-03-26,ELET3,ON      N1,10,22.75,22.75,33479487.0,0.0,99991231
2018-03-27,ELET3,ON      N1,10,22.17,22.98,32274387.0,0.0,99991231
2018-03-28,ELET3,ON      N1,10,21.11,21.89,46787563.0,0.0,99991231
2018-03-29,ELET3,ON      N1,10,21.0,21.59,66905110.0,0.0,99991231
2018-04-02,ELET3,ON      N1,10,20.93,21.15,69528093.0,0.0,99991231
2018-04-03,ELET3,ON      N1,10,21.3,21.8,49690193.0,0.0,99991231
2018-04-04,ELET3,ON      N1,10,21.62,21.62,38190525.0,0.0,99991231
2018-04-05,ELET3,ON      N1,10,22.35,22.44,38168209.0,0.0,99991231
2018-04-06,ELET3,ON      N1,10,20.3,22.55,145876160.0,0.0,99991231
2018-04-09,ELET3,ON      N1,10,18.36,20.95,157469194.0,0.0,99991231
2018-04-10,ELET3,ON      N1,10,19.02,19.15,75232531.0,0.0,99991231
2018-04-11,ELET3,ON      N1,10,18.69,18.93,77245358.0,0.0,99991231
2018-04-12,ELET3,ON      N1,10,19.28,19.64,82368643.0,0.0,99991231
2018-04-13,ELET3,ON      N1,10,19.22,19.46,76151501.0,0.0,99991231
2018-04-16,ELET3,ON      N1,10,18.53,19.29,45045955.0,0.0,99991231
2018-04-17,ELET3,ON      N1,10,18.48,18.98,117317654.0,0.0,99991231
2018-04-18,ELET3,ON      N1,10,18.75,19.32,72261527.0,0.0,99991231
2018-04-19,ELET3,ON      N1,10,18.85,19.0,52730542.0,0.0,99991231
2018-04-20,ELET3,ON      N1,10,18.07,19.2,82505783.0,0.0,99991231
2018-04-23,ELET3,ON      N1,10,17.99,18.25,74190406.0,0.0,99991231
2018-04-24,ELET3,ON      N1,10,17.75,18.46,59989417.0,0.0,99991231
2018-04-25,ELET3,ON      N1,10,18.05,18.16,88729980.0,0.0,99991231
2018-04-26,ELET3,ON      N1,10,18.47,18.5,47685018.0,0.0,99991231
2018-04-27,ELET3,ON      N1,10,19.25,19.43,68436809.0,0.0,99991231
2018-04-30,ELET3,ON      N1,10,19.07,19.74,44162504.0,0.0,99991231
2018-05-02,ELET3,ON      N1,10,19.92,20.25,80037942.0,0.0,99991231
2018-05-03,ELET3,ON      N1,10,19.6,20.66,96378117.0,0.0,99991231
2018-05-04,ELET3,ON      N1,10,20.11,20.25,44812996.0,0.0,99991231
2018-05-07,ELET3,ON      N1,10,18.27,20.08,79687659.0,0.0,99991231
2018-05-08,ELET3,ON      N1,10,18.31,18.46,48717985.0,0.0,99991231
2018-05-09,ELET3,ON      N1,10,18.65,18.85,48019454.0,0.0,99991231
2018-05-10,ELET3,ON      N1,10,19.26,19.54,54534203.0,0.0,99991231
2018-05-11,ELET3,ON      N1,10,18.9,19.5,65472763.0,0.0,99991231
2018-05-14,ELET3,ON      N1,10,18.38,19.31,41373200.0,0.0,99991231
2018-05-15,ELET3,ON      N1,10,18.81,19.0,34641810.0,0.0,99991231
2018-05-16,ELET3,ON      N1,10,18.75,18.95,44920470.0,0.0,99991231
2018-05-17,ELET3,ON      N1,10,18.99,19.71,74321735.0,0.0,99991231
2018-05-18,ELET3,ON      N1,10,18.45,18.97,39681521.0,0.0,99991231
2018-05-21,ELET3,ON      N1,10,17.71,18.79,55393166.0,0.0,99991231
2018-05-22,ELET3,ON      N1,10,18.04,18.22,70990267.0,0.0,99991231
2018-05-23,ELET3,ON      N1,10,15.97,16.57,134648806.0,0.0,99991231
2018-05-24,ELET3,ON      N1,10,15.25,15.8,107583143.0,0.0,99991231
2018-05-25,ELET3,ON      N1,10,15.06,15.54,50530520.0,0.0,99991231
2018-05-28,ELET3,ON      N1,10,14.0,14.65,33874030.0,0.0,99991231
2018-05-29,ELET3,ON      N1,10,14.3,14.63,81512335.0,0.0,99991231
2018-05-30,ELET3,ON      N1,10,14.63,14.68,113453007.0,0.0,99991231
2018-06-01,ELET3,ON      N1,10,15.15,15.36,84766005.0,0.0,99991231
2018-06-04,ELET3,ON      N1,10,16.26,16.34,50085811.0,0.0,99991231
2018-06-05,ELET3,ON      N1,10,14.99,15.56,65819790.0,0.0,99991231
2018-06-06,ELET3,ON      N1,10,14.32,15.41,46199566.0,0.0,99991231
2018-06-07,ELET3,ON      N1,10,13.41,14.25,84935866.0,0.0,99991231
2018-06-08,ELET3,ON      N1,10,12.9,13.57,75274440.0,0.0,99991231
2018-06-11,ELET3,ON      N1,10,13.48,13.68,62740255.0,0.0,99991231
2018-06-12,ELET3,ON      N1,10,13.8,14.05,65137453.0,0.0,99991231
2018-06-13,ELET3,ON      N1,10,14.26,14.42,62514386.0,0.0,99991231
2018-06-14,ELET3,ON      N1,10,14.19,14.79,43745195.0,0.0,99991231
2018-06-15,ELET3,ON      N1,10,13.0,14.6,65996033.0,0.0,99991231
2018-06-18,ELET3,ON      N1,10,12.99,13.44,38279802.0,0.0,99991231
2018-06-19,ELET3,ON      N1,10,13.4,13.99,53544862.0,0.0,99991231
2018-06-20,ELET3,ON      N1,10,13.5,13.83,37560826.0,0.0,99991231
2018-06-21,ELET3,ON      N1,10,12.38,13.43,53237895.0,0.0,99991231
2018-06-22,ELET3,ON      N1,10,12.87,13.09,43171875.0,0.0,99991231
2018-06-25,ELET3,ON      N1,10,12.84,13.32,30782383.0,0.0,99991231
2018-06-26,ELET3,ON      N1,10,12.5,13.09,41146949.0,0.0,99991231
2018-06-27,ELET3,ON      N1,10,11.99,12.65,38802293.0,0.0,99991231
2018-06-28,ELET3,ON      N1,10,12.33,12.44,36293895.0,0.0,99991231
2018-06-29,ELET3,ON      N1,10,12.19,12.65,46829737.0,0.0,99991231
2018-07-02,ELET3,ON      N1,10,13.06,13.2,60689691.0,0.0,99991231
2018-07-03,ELET3,ON      N1,10,13.4,13.6,49115749.0,0.0,99991231
2018-07-04,ELET3,ON      N1,10,15.81,16.02,127899869.0,0.0,99991231
2018-07-05,ELET3,ON      N1,10,14.45,17.17,128688623.0,0.0,99991231
2018-07-06,ELET3,ON      N1,10,14.53,14.79,29944307.0,0.0,99991231
2018-07-10,ELET3,ON      N1,10,14.13,14.68,36253437.0,0.0,99991231
2018-07-11,ELET3,ON      N1,10,14.44,15.37,73626993.0,0.0,99991231
2018-07-12,ELET3,ON      N1,10,14.6,14.92,42374284.0,0.0,99991231
2018-07-13,ELET3,ON      N1,10,14.64,14.64,49168936.0,0.0,99991231
2018-07-16,ELET3,ON      N1,10,14.86,15.51,40548059.0,0.0,99991231
2018-07-17,ELET3,ON      N1,10,15.2,15.26,23669474.0,0.0,99991231
2018-07-18,ELET3,ON      N1,10,16.02,16.98,94739637.0,0.0,99991231
2018-07-19,ELET3,ON      N1,10,16.35,16.51,47562454.0,0.0,99991231
2018-07-20,ELET3,ON      N1,10,17.27,17.74,95458457.0,0.0,99991231
2018-07-23,ELET3,ON      N1,10,16.9,17.96,35854965.0,0.0,99991231
2018-07-24,ELET3,ON      N1,10,17.15,17.7,45962117.0,0.0,99991231
2018-07-25,ELET3,ON      N1,10,17.92,18.15,58589156.0,0.0,99991231
2018-07-26,ELET3,ON      N1,10,16.85,18.25,58858683.0,0.0,99991231
2018-07-27,ELET3,ON      N1,10,16.79,17.37,47924893.0,0.0,99991231
2018-07-30,ELET3,ON      N1,10,16.69,16.95,25049915.0,0.0,99991231
2018-07-31,ELET3,ON      N1,10,17.27,17.47,38677158.0,0.0,99991231
2018-08-01,ELET3,ON      N1,10,17.45,17.56,38276451.0,0.0,99991231
2018-08-02,ELET3,ON      N1,10,17.25,17.61,21032227.0,0.0,99991231
2018-08-03,ELET3,ON      N1,10,17.85,17.93,103192855.0,0.0,99991231
2018-08-06,ELET3,ON      N1,10,17.1,17.99,48759128.0,0.0,99991231
2018-08-07,ELET3,ON      N1,10,16.32,17.44,70685630.0,0.0,99991231
2018-08-08,ELET3,ON      N1,10,16.22,16.77,46200523.0,0.0,99991231
2018-08-09,ELET3,ON      N1,10,16.0,16.49,39261758.0,0.0,99991231
2018-08-10,ELET3,ON      N1,10,15.22,15.98,46150450.0,0.0,99991231
2018-08-13,ELET3,ON      N1,10,15.12,15.15,35906684.0,0.0,99991231
2018-08-14,ELET3,ON      N1,10,15.08,15.41,29493575.0,0.0,99991231
2018-08-15,ELET3,ON      N1,10,15.25,15.91,62351037.0,0.0,99991231
2018-08-16,ELET3,ON      N1,10,16.46,16.87,89602894.0,0.0,99991231
2018-08-17,ELET3,ON      N1,10,16.18,16.68,75438793.0,0.0,99991231
2018-08-20,ELET3,ON      N1,10,15.82,16.34,32491023.0,0.0,99991231
2018-08-21,ELET3,ON      N1,10,14.78,16.14,46236198.0,0.0,99991231
2018-08-22,ELET3,ON      N1,10,15.46,15.46,48443142.0,0.0,99991231
2018-08-23,ELET3,ON      N1,10,14.96,15.71,40328055.0,0.0,99991231
2018-08-24,ELET3,ON      N1,10,14.65,15.3,27567296.0,0.0,99991231
2018-08-27,ELET3,ON      N1,10,15.61,15.8,58956111.0,0.0,99991231
2018-08-28,ELET3,ON      N1,10,15.57,16.22,39112783.0,0.0,99991231
2018-08-29,ELET3,ON      N1,10,16.95,16.95,65134917.0,0.0,99991231
2018-08-30,ELET3,ON      N1,10,15.84,17.41,61372010.0,0.0,99991231
2018-08-31,ELET3,ON      N1,10,15.82,16.38,41842596.0,0.0,99991231
2018-09-03,ELET3,ON      N1,10,15.35,15.89,24788120.0,0.0,99991231
2018-09-04,ELET3,ON      N1,10,14.94,15.57,31611572.0,0.0,99991231
2018-09-05,ELET3,ON      N1,10,15.32,15.39,22765068.0,0.0,99991231
2018-09-06,ELET3,ON      N1,10,16.05,16.12,31383982.0,0.0,99991231
2018-09-10,ELET3,ON      N1,10,15.89,16.59,56101322.0,0.0,99991231
2018-09-11,ELET3,ON      N1,10,14.81,15.6,58736308.0,0.0,99991231
2018-09-12,ELET3,ON      N1,10,15.51,15.6,48487920.0,0.0,99991231
2018-09-13,ELET3,ON      N1,10,15.24,15.52,40149178.0,0.0,99991231
2018-09-14,ELET3,ON      N1,10,14.71,15.64,58011566.0,0.0,99991231
2018-09-17,ELET3,ON      N1,10,15.31,15.48,52031133.0,0.0,99991231
2018-09-18,ELET3,ON      N1,10,15.97,16.0,57493202.0,0.0,99991231
2018-09-19,ELET3,ON      N1,10,15.22,15.67,44614852.0,0.0,99991231
2018-09-20,ELET3,ON      N1,10,15.38,15.68,23681724.0,0.0,99991231
2018-09-21,ELET3,ON      N1,10,15.85,16.0,43684454.0,0.0,99991231
2018-09-24,ELET3,ON      N1,10,15.39,16.2,48621967.0,0.0,99991231
2018-09-25,ELET3,ON      N1,10,15.23,15.48,37002511.0,0.0,99991231
2018-09-26,ELET3,ON      N1,10,15.15,15.77,32158842.0,0.0,99991231
2018-09-27,ELET3,ON      N1,10,15.76,16.3,59194783.0,0.0,99991231
2018-09-28,ELET3,ON      N1,10,15.51,16.22,35971262.0,0.0,99991231
2018-10-01,ELET3,ON      N1,10,14.85,15.77,46649411.0,0.0,99991231
2018-10-02,ELET3,ON      N1,10,16.55,16.55,87477885.0,0.0,99991231
2018-10-03,ELET3,ON      N1,10,17.63,18.74,164240876.0,0.0,99991231
2018-10-04,ELET3,ON      N1,10,18.5,18.82,102013789.0,0.0,99991231
2018-10-05,ELET3,ON      N1,10,18.75,19.55,133016425.0,0.0,99991231
2018-10-08,ELET3,ON      N1,10,22.0,22.14,411366094.0,0.0,99991231
2018-10-09,ELET3,ON      N1,10,22.81,23.02,139813337.0,0.0,99991231
2018-10-10,ELET3,ON      N1,10,20.71,21.5,235631087.0,0.0,99991231
2018-10-11,ELET3,ON      N1,10,19.72,21.67,128406399.0,0.0,99991231
2018-10-15,ELET3,ON      N1,10,20.95,21.25,136268527.0,0.0,99991231
2018-10-16,ELET3,ON      N1,10,22.02,22.04,115766486.0,0.0,99991231
2018-10-17,ELET3,ON      N1,10,21.2,21.85,183111856.0,0.0,99991231
2018-10-18,ELET3,ON      N1,10,20.65,21.67,98139062.0,0.0,99991231
2018-10-19,ELET3,ON      N1,10,21.78,22.09,115106221.0,0.0,99991231
2018-10-22,ELET3,ON      N1,10,22.73,22.95,118716930.0,0.0,99991231
2018-10-23,ELET3,ON      N1,10,22.22,23.05,87176915.0,0.0,99991231
2018-10-24,ELET3,ON      N1,10,21.22,22.67,73664762.0,0.0,99991231
2018-10-25,ELET3,ON      N1,10,22.04,22.47,81446316.0,0.0,99991231
2018-10-26,ELET3,ON      N1,10,23.32,23.67,199326160.0,0.0,99991231
2018-10-29,ELET3,ON      N1,10,22.03,24.64,161569381.0,0.0,99991231
2018-10-30,ELET3,ON      N1,10,23.3,23.3,103382854.0,0.0,99991231
2018-10-31,ELET3,ON      N1,10,23.5,23.69,80195247.0,0.0,99991231
2018-11-01,ELET3,ON      N1,10,24.0,24.2,144164913.0,0.0,99991231
2018-11-05,ELET3,ON      N1,10,24.72,24.72,108037023.0,0.0,99991231
2018-11-06,ELET3,ON      N1,10,24.05,24.61,123396754.0,0.0,99991231
2018-11-07,ELET3,ON      N1,10,23.02,24.58,91127698.0,0.0,99991231
2018-11-08,ELET3,ON      N1,10,22.48,23.79,101831477.0,0.0,99991231
2018-11-09,ELET3,ON      N1,10,23.64,23.64,87814571.0,0.0,99991231
2018-11-12,ELET3,ON      N1,10,23.64,24.1,56720903.0,0.0,99991231
2018-11-13,ELET3,ON      N1,10,23.15,23.92,84710566.0,0.0,99991231
2018-11-14,ELET3,ON      N1,10,23.01,23.49,100382338.0,0.0,99991231
2018-11-16,ELET3,ON      N1,10,25.0,25.0,95613843.0,0.0,99991231
2018-11-19,ELET3,ON      N1,10,24.5,25.54,100861906.0,0.0,99991231
2018-11-21,ELET3,ON      N1,10,24.66,24.81,59673712.0,0.0,99991231
2018-11-22,ELET3,ON      N1,10,24.68,25.09,37441737.0,0.0,99991231
2018-11-23,ELET3,ON      N1,10,24.57,26.37,158300500.0,0.0,99991231
2018-11-26,ELET3,ON      N1,10,24.72,25.53,138620634.0,0.0,99991231
2018-11-27,ELET3,ON      N1,10,25.8,26.33,178619432.0,0.0,99991231
2018-11-28,ELET3,ON      N1,10,25.73,26.5,102848348.0,0.0,99991231
2018-11-29,ELET3,ON      N1,10,25.77,26.19,75050651.0,0.0,99991231
2018-11-30,ELET3,ON      N1,10,24.43,26.0,162768180.0,0.0,99991231
2018-12-03,ELET3,ON      N1,10,24.6,25.5,99317839.0,0.0,99991231
2018-12-04,ELET3,ON      N1,10,24.36,25.4,130201908.0,0.0,99991231
2018-12-05,ELET3,ON      N1,10,24.65,25.01,62250176.0,0.0,99991231
2018-12-06,ELET3,ON      N1,10,24.73,24.94,86483693.0,0.0,99991231
2018-12-07,ELET3,ON      N1,10,25.29,26.0,167747350.0,0.0,99991231
2018-12-10,ELET3,ON      N1,10,24.8,26.0,112894363.0,0.0,99991231
2018-12-11,ELET3,ON      N1,10,25.77,26.29,171117770.0,0.0,99991231
2018-12-12,ELET3,ON      N1,10,25.27,26.45,112606001.0,0.0,99991231
2018-12-13,ELET3,ON      N1,10,24.99,25.7,91751036.0,0.0,99991231
2018-12-14,ELET3,ON      N1,10,24.41,25.87,126172514.0,0.0,99991231
2018-12-17,ELET3,ON      N1,10,23.97,24.75,82815769.0,0.0,99991231
2018-12-18,ELET3,ON      N1,10,24.82,24.9,79455161.0,0.0,99991231
2018-12-19,ELET3,ON      N1,10,23.8,24.75,176756922.0,0.0,99991231
2018-12-20,ELET3,ON      N1,10,23.1,24.29,102699514.0,0.0,99991231
2018-12-21,ELET3,ON      N1,10,22.7,23.06,119918610.0,0.0,99991231
2018-12-26,ELET3,ON      N1,10,22.42,22.66,44287546.0,0.0,99991231
2018-12-27,ELET3,ON      N1,10,23.93,23.94,71095449.0,0.0,99991231
2018-12-28,ELET3,ON      N1,10,24.23,24.75,85088023.0,0.0,99991231
2019-01-02,ELET3,ON      N1,10,30.8712,29.25,464093092.0,0.0,99991231
2019-01-03,ELET3,ON      N1,10,32.6212,32.2,370699155.0,0.0,99991231
2019-01-04,ELET3,ON      N1,10,32.1512,31.24,170635502.0,0.0,99991231
2019-01-07,ELET3,ON      N1,10,30.6212,30.73,139128680.0,0.0,99991231
2019-01-08,ELET3,ON      N1,10,32.1012,30.67,161643654.0,0.0,99991231
2019-01-09,ELET3,ON      N1,10,32.2212,31.33,96357494.0,0.0,99991231
2019-01-10,ELET3,ON      N1,10,32.6212,31.0,122450512.0,0.0,99991231
2019-01-11,ELET3,ON      N1,10,32.5812,31.76,109734331.0,0.0,99991231
2019-01-14,ELET3,ON      N1,10,32.5612,31.49,135064460.0,0.0,99991231
2019-01-15,ELET3,ON      N1,10,31.7012,31.21,113222421.0,0.0,99991231
2019-01-16,ELET3,ON      N1,10,32.2712,30.65,87643504.0,0.0,99991231
2019-01-17,ELET3,ON      N1,10,32.5712,31.69,217852684.0,0.0,99991231
2019-01-18,ELET3,ON      N1,10,33.9812,32.8,149994658.0,0.0,99991231
2019-01-21,ELET3,ON      N1,10,34.111200000000004,33.0,103250587.0,0.0,99991231
2019-01-22,ELET3,ON      N1,10,33.8012,33.57,178828283.0,0.0,99991231
2019-01-23,ELET3,ON      N1,10,34.6312,33.21,141736444.0,0.0,99991231
2019-01-24,ELET3,ON      N1,10,35.6012,33.98,183589730.0,0.0,99991231
2019-01-28,ELET3,ON      N1,10,35.9412,34.68,122550732.0,0.0,99991231
2019-01-29,ELET3,ON      N1,10,38.3712,38.16,433955439.0,0.0,99991231
2019-01-30,ELET3,ON      N1,10,38.9212,38.02,225285285.0,0.0,99991231
2019-01-31,ELET3,ON      N1,10,39.0212,38.37,211215419.0,0.0,99991231
2019-02-01,ELET3,ON      N1,10,39.2212,37.77,103102237.0,0.0,99991231
2019-02-04,ELET3,ON      N1,10,38.431200000000004,37.8,96421141.0,0.0,99991231
2019-02-05,ELET3,ON      N1,10,38.4912,37.55,114834968.0,0.0,99991231
2019-02-06,ELET3,ON      N1,10,37.181200000000004,37.04,120240180.0,0.0,99991231
2019-02-07,ELET3,ON      N1,10,36.821200000000005,37.01,123165445.0,0.0,99991231
2019-02-08,ELET3,ON      N1,10,37.4112,35.85,113376893.0,0.0,99991231
2019-02-11,ELET3,ON      N1,10,37.431200000000004,36.22,89828757.0,0.0,99991231
2019-02-12,ELET3,ON      N1,10,37.361200000000004,36.97,181117895.0,0.0,99991231
2019-02-13,ELET3,ON      N1,10,38.431200000000004,37.13,143918256.0,0.0,99991231
2019-02-14,ELET3,ON      N1,10,38.751200000000004,37.44,202558056.0,0.0,99991231
2019-02-15,ELET3,ON      N1,10,37.931200000000004,37.59,156357538.0,0.0,99991231
2019-02-18,ELET3,ON      N1,10,37.0512,36.37,122519370.0,0.0,99991231
2019-02-19,ELET3,ON      N1,10,37.321200000000005,36.66,278800252.0,0.0,99991231
2019-02-20,ELET3,ON      N1,10,36.641200000000005,36.56,216260524.0,0.0,99991231
2019-02-21,ELET3,ON      N1,10,38.2212,36.6,195042535.0,0.0,99991231
2019-02-22,ELET3,ON      N1,10,39.5112,38.27,197225189.0,0.0,99991231
2019-02-25,ELET3,ON      N1,10,38.9712,38.3,89827904.0,0.0,99991231
2019-02-26,ELET3,ON      N1,10,38.8312,37.66,100167392.0,0.0,99991231
2019-02-27,ELET3,ON      N1,10,40.6012,40.84,336682040.0,0.0,99991231
2019-02-28,ELET3,ON      N1,10,38.6012,39.28,309860572.0,0.0,99991231
2019-03-01,ELET3,ON      N1,10,37.2612,38.1,177340963.0,0.0,99991231
2019-03-06,ELET3,ON      N1,10,36.861200000000004,35.54,71218738.0,0.0,99991231
2019-03-07,ELET3,ON      N1,10,34.8112,35.22,187588881.0,0.0,99991231
2019-03-08,ELET3,ON      N1,10,36.0312,34.41,225763319.0,0.0,99991231
2019-03-11,ELET3,ON      N1,10,36.9912,36.05,150102108.0,0.0,99991231
2019-03-12,ELET3,ON      N1,10,36.5112,35.78,80889262.0,0.0,99991231
2019-03-13,ELET3,ON      N1,10,36.9212,36.0,112899275.0,0.0,99991231
2019-03-14,ELET3,ON      N1,10,36.711200000000005,35.79,68811601.0,0.0,99991231
2019-03-15,ELET3,ON      N1,10,38.071200000000005,36.6,129830207.0,0.0,99991231
2019-03-18,ELET3,ON      N1,10,38.141200000000005,36.93,80857384.0,0.0,99991231
2019-03-19,ELET3,ON      N1,10,38.4712,37.17,96063550.0,0.0,99991231
2019-03-20,ELET3,ON      N1,10,37.571200000000005,37.15,109620367.0,0.0,99991231
2019-03-21,ELET3,ON      N1,10,36.9712,37.2,172170787.0,0.0,99991231
2019-03-22,ELET3,ON      N1,10,35.3512,35.35,208353697.0,0.0,99991231
2019-03-25,ELET3,ON      N1,10,36.2212,35.2,166981328.0,0.0,99991231
2019-03-26,ELET3,ON      N1,10,37.7312,36.38,208415898.0,0.0,99991231
2019-03-27,ELET3,ON      N1,10,35.1212,35.93,170900068.0,0.0,99991231
2019-03-28,ELET3,ON      N1,10,37.5112,35.89,213749642.0,0.0,99991231
2019-03-29,ELET3,ON      N1,10,38.3112,37.08,166541974.0,0.0,99991231
2019-04-01,ELET3,ON      N1,10,38.8712,37.83,127615641.0,0.0,99991231
2019-04-02,ELET3,ON      N1,10,37.4012,37.75,131516554.0,0.0,99991231
2019-04-03,ELET3,ON      N1,10,37.0812,36.62,126062077.0,0.0,99991231
2019-04-04,ELET3,ON      N1,10,37.7812,36.39,97813029.0,0.0,99991231
2019-04-05,ELET3,ON      N1,10,37.3712,36.4,107941421.0,0.0,99991231
2019-04-08,ELET3,ON      N1,10,36.2712,36.05,182169571.0,0.0,99991231
2019-04-09,ELET3,ON      N1,10,34.891200000000005,34.7,161703680.0,0.0,99991231
2019-04-10,ELET3,ON      N1,10,35.5612,34.36,172116872.0,0.0,99991231
2019-04-11,ELET3,ON      N1,10,34.6612,34.07,105319610.0,0.0,99991231
2019-04-12,ELET3,ON      N1,10,32.9312,33.61,205920469.0,0.0,99991231
2019-04-15,ELET3,ON      N1,10,33.4212,32.95,161814676.0,0.0,99991231
2019-04-16,ELET3,ON      N1,10,33.5412,32.74,121398502.0,0.0,99991231
2019-04-17,ELET3,ON      N1,10,33.0312,32.63,156841194.0,0.0,99991231
2019-04-18,ELET3,ON      N1,10,33.9712,33.0,145144941.0,0.0,99991231
2019-04-22,ELET3,ON      N1,10,34.2212,32.94,84338070.0,0.0,99991231
2019-04-23,ELET3,ON      N1,10,35.321200000000005,34.32,141806130.0,0.0,99991231
2019-04-24,ELET3,ON      N1,10,33.9712,34.16,119050865.0,0.0,99991231
2019-04-25,ELET3,ON      N1,10,34.8512,33.99,129318945.0,0.0,99991231
2019-04-26,ELET3,ON      N1,10,34.8712,33.6,58280175.0,0.0,99991231
2019-04-29,ELET3,ON      N1,10,34.6712,34.17,82028763.0,0.0,99991231
2019-04-30,ELET3,ON  EDR N1,10,35.145655000000005,33.22,97234316.0,0.0,99991231
2019-05-02,ELET3,ON  EDR N1,10,34.715655000000005,32.6,90304937.0,0.0,99991231
2019-05-03,ELET3,ON  EDR N1,10,34.645655000000005,32.78,74151674.0,0.0,99991231
2019-05-06,ELET3,ON  EDR N1,10,35.065655,32.62,61094985.0,0.0,99991231
2019-05-07,ELET3,ON  EDR N1,10,34.955655,32.51,101062149.0,0.0,99991231
2019-05-08,ELET3,ON  EDR N1,10,35.345655,33.59,114042235.0,0.0,99991231
2019-05-09,ELET3,ON  EDR N1,10,34.995655,32.86,81756877.0,0.0,99991231
2019-05-10,ELET3,ON  EDR N1,10,34.145655,32.6,96561210.0,0.0,99991231
2019-05-13,ELET3,ON      N1,10,32.545655000000004,31.4,81052507.0,0.0,99991231
2019-05-14,ELET3,ON      N1,10,34.605655,32.16,123370615.0,0.0,99991231
2019-05-15,ELET3,ON      N1,10,34.435655,32.28,85579393.0,0.0,99991231
2019-05-16,ELET3,ON      N1,10,33.475655,31.93,106137162.0,0.0,99991231
2019-05-17,ELET3,ON      N1,10,33.055655,31.59,80492312.0,0.0,99991231
2019-05-20,ELET3,ON      N1,10,34.455655,32.1,113720810.0,0.0,99991231
2019-05-21,ELET3,ON      N1,10,36.045655000000004,33.6,124093236.0,0.0,99991231
2019-05-22,ELET3,ON      N1,10,35.445655,33.98,112278592.0,0.0,99991231
2019-05-23,ELET3,ON      N1,10,35.195655,33.63,71942875.0,0.0,99991231
2019-05-24,ELET3,ON      N1,10,35.475655,33.68,88523630.0,0.0,99991231
2019-05-27,ELET3,ON      N1,10,35.835655,33.92,75538217.0,0.0,99991231
2019-05-28,ELET3,ON      N1,10,35.895655000000005,33.97,131942388.0,0.0,99991231
2019-05-29,ELET3,ON      N1,10,36.085655,34.07,126358212.0,0.0,99991231
2019-05-30,ELET3,ON      N1,10,36.375655,35.05,192445624.0,0.0,99991231
2019-05-31,ELET3,ON      N1,10,36.855655,34.96,181238406.0,0.0,99991231
2019-06-03,ELET3,ON      N1,10,37.215655000000005,35.13,94353302.0,0.0,99991231
2019-06-04,ELET3,ON      N1,10,37.645655000000005,35.3,100548956.0,0.0,99991231
2019-06-05,ELET3,ON      N1,10,37.205655,35.45,76331922.0,0.0,99991231
2019-06-06,ELET3,ON      N1,10,38.495655,36.05,94083282.0,0.0,99991231
2019-06-07,ELET3,ON      N1,10,38.415655,36.74,99095654.0,0.0,99991231
2019-06-10,ELET3,ON      N1,10,37.865655000000004,36.08,70014968.0,0.0,99991231
2019-06-11,ELET3,ON      N1,10,38.925655,36.48,181864030.0,0.0,99991231
2019-06-12,ELET3,ON      N1,10,38.505655000000004,37.15,139250225.0,0.0,99991231
2019-06-13,ELET3,ON      N1,10,37.755655000000004,36.3,227852271.0,0.0,99991231
2019-06-14,ELET3,ON      N1,10,37.745655,35.98,148082864.0,0.0,99991231
2019-06-17,ELET3,ON      N1,10,36.875655,35.6,103546255.0,0.0,99991231
2019-06-18,ELET3,ON      N1,10,36.895655000000005,35.48,113106950.0,0.0,99991231
2019-06-19,ELET3,ON      N1,10,37.755655000000004,35.31,108238156.0,0.0,99991231
2019-06-21,ELET3,ON      N1,10,37.175655,35.76,132890272.0,0.0,99991231
2019-06-24,ELET3,ON      N1,10,36.775655,35.11,72220894.0,0.0,99991231
2019-06-25,ELET3,ON      N1,10,35.475655,34.28,98430853.0,0.0,99991231
2019-06-26,ELET3,ON      N1,10,36.335655,34.14,114196556.0,0.0,99991231
2019-06-27,ELET3,ON      N1,10,36.545655000000004,34.1,109548216.0,0.0,99991231
2019-06-28,ELET3,ON      N1,10,37.695655,35.34,112220662.0,0.0,99991231
2019-07-01,ELET3,ON      N1,10,37.905655,35.99,71925234.0,0.0,99991231
2019-07-02,ELET3,ON      N1,10,37.015655,35.66,78994146.0,0.0,99991231
2019-07-03,ELET3,ON      N1,10,37.645655000000005,35.2,84921425.0,0.0,99991231
2019-07-04,ELET3,ON      N1,10,38.655655,36.59,88664151.0,0.0,99991231
2019-07-05,ELET3,ON      N1,10,38.595655,36.43,58495214.0,0.0,99991231
2019-07-08,ELET3,ON      N1,10,38.215655000000005,36.62,62772266.0,0.0,99991231
2019-07-10,ELET3,ON      N1,10,38.745655,37.54,166929292.0,0.0,99991231
2019-07-11,ELET3,ON      N1,10,41.415655,38.97,266730056.0,0.0,99991231
2019-07-12,ELET3,ON      N1,10,41.845655,39.55,172165001.0,0.0,99991231
2019-07-15,ELET3,ON      N1,10,39.945655,39.5,146619687.0,0.0,99991231
2019-07-16,ELET3,ON      N1,10,41.245655,38.8,119711570.0,0.0,99991231
2019-07-17,ELET3,ON      N1,10,42.795655000000004,40.45,213951184.0,0.0,99991231
2019-07-18,ELET3,ON      N1,10,43.035655000000006,40.64,105364257.0,0.0,99991231
2019-07-19,ELET3,ON      N1,10,41.855655,40.45,166821248.0,0.0,99991231
2019-07-22,ELET3,ON      N1,10,41.075655000000005,39.81,127163768.0,0.0,99991231
2019-07-23,ELET3,ON      N1,10,40.785655000000006,39.15,86440019.0,0.0,99991231
2019-07-24,ELET3,ON      N1,10,40.925655,39.11,62415903.0,0.0,99991231
2019-07-25,ELET3,ON      N1,10,40.165655,38.74,66017155.0,0.0,99991231
2019-07-26,ELET3,ON      N1,10,40.945655,38.6,69039212.0,0.0,99991231
2019-07-29,ELET3,ON      N1,10,40.815655,39.05,68528665.0,0.0,99991231
2019-07-30,ELET3,ON      N1,10,41.395655000000005,39.21,71467290.0,0.0,99991231
2019-07-31,ELET3,ON      N1,10,41.835655,39.5,85382195.0,0.0,99991231
2019-08-01,ELET3,ON      N1,10,44.555655,42.18,326467407.0,0.0,99991231
2019-08-02,ELET3,ON      N1,10,45.395655000000005,44.05,202429853.0,0.0,99991231
2019-08-05,ELET3,ON      N1,10,44.885655,43.12,173206610.0,0.0,99991231
2019-08-06,ELET3,ON      N1,10,45.075655000000005,43.16,114590969.0,0.0,99991231
2019-08-07,ELET3,ON      N1,10,44.195655,42.31,132949283.0,0.0,99991231
2019-08-08,ELET3,ON      N1,10,45.795655000000004,43.35,214532727.0,0.0,99991231
2019-08-09,ELET3,ON      N1,10,46.725655,44.28,150297272.0,0.0,99991231
2019-08-12,ELET3,ON      N1,10,45.395655000000005,43.76,162717050.0,0.0,99991231
2019-08-13,ELET3,ON      N1,10,46.015655,44.16,145452474.0,0.0,99991231
2019-08-14,ELET3,ON      N1,10,43.535655000000006,42.97,234669971.0,0.0,99991231
2019-08-15,ELET3,ON      N1,10,42.795655000000004,41.81,158400575.0,0.0,99991231
2019-08-16,ELET3,ON      N1,10,43.845655,41.4,151763237.0,0.0,99991231
2019-08-19,ELET3,ON      N1,10,43.095655,42.0,93037672.0,0.0,99991231
2019-08-20,ELET3,ON      N1,10,42.485655,40.92,108878947.0,0.0,99991231
2019-08-21,ELET3,ON      N1,10,47.445655,45.81,487755192.0,0.0,99991231
2019-08-22,ELET3,ON      N1,10,49.275655,47.36,356919204.0,0.0,99991231
2019-08-23,ELET3,ON      N1,10,47.645655000000005,47.87,200150389.0,0.0,99991231
2019-08-26,ELET3,ON      N1,10,46.245655,46.4,151866293.0,0.0,99991231
2019-08-27,ELET3,ON      N1,10,45.135655,44.41,181411004.0,0.0,99991231
2019-08-28,ELET3,ON      N1,10,46.645655000000005,44.33,161659594.0,0.0,99991231
2019-08-29,ELET3,ON      N1,10,47.915655,45.69,176234462.0,0.0,99991231
2019-08-30,ELET3,ON      N1,10,48.385655,46.96,211567101.0,0.0,99991231
2019-09-02,ELET3,ON      N1,10,48.555655,46.74,96681731.0,0.0,99991231
2019-09-03,ELET3,ON      N1,10,47.045655000000004,46.3,154527379.0,0.0,99991231
2019-09-04,ELET3,ON      N1,10,48.145655000000005,45.81,126807125.0,0.0,99991231
2019-09-05,ELET3,ON      N1,10,48.445655,46.25,138996491.0,0.0,99991231
2019-09-06,ELET3,ON      N1,10,47.445655,46.27,128351095.0,0.0,99991231
2019-09-09,ELET3,ON      N1,10,47.425655,45.59,126221280.0,0.0,99991231
2019-09-10,ELET3,ON      N1,10,47.035655000000006,44.9,109153676.0,0.0,99991231
2019-09-11,ELET3,ON      N1,10,48.165655,45.91,105160929.0,0.0,99991231
2019-09-12,ELET3,ON      N1,10,47.265655,46.22,160150534.0,0.0,99991231
2019-09-13,ELET3,ON      N1,10,45.895655000000005,45.4,113334369.0,0.0,99991231
2019-09-16,ELET3,ON      N1,10,46.325655000000005,44.55,157326013.0,0.0,99991231
2019-09-17,ELET3,ON      N1,10,46.915655,44.47,135635161.0,0.0,99991231
2019-09-18,ELET3,ON      N1,10,46.045655000000004,44.4,136058678.0,0.0,99991231
2019-09-19,ELET3,ON      N1,10,44.995655,44.44,224979815.0,0.0,99991231
2019-09-20,ELET3,ON      N1,10,42.535655000000006,41.9,406759793.0,0.0,99991231
2019-09-23,ELET3,ON      N1,10,43.135655,40.88,137349772.0,0.0,99991231
2019-09-24,ELET3,ON      N1,10,41.985655,41.28,143412001.0,0.0,99991231
2019-09-25,ELET3,ON      N1,10,42.185655000000004,39.74,154492992.0,0.0,99991231
2019-09-26,ELET3,ON      N1,10,42.345655,40.73,189982171.0,0.0,99991231
2019-09-27,ELET3,ON      N1,10,42.635655,40.62,121595083.0,0.0,99991231
2019-09-30,ELET3,ON      N1,10,42.595655,40.56,110371807.0,0.0,99991231
2019-10-01,ELET3,ON      N1,10,41.745655,40.09,86856209.0,0.0,99991231
2019-10-02,ELET3,ON      N1,10,39.995655,38.9,242316345.0,0.0,99991231
2019-10-03,ELET3,ON      N1,10,40.645655000000005,38.3,118931445.0,0.0,99991231
2019-10-04,ELET3,ON      N1,10,41.295655000000004,38.96,101257273.0,0.0,99991231
2019-10-07,ELET3,ON      N1,10,38.225655,38.62,188558829.0,0.0,99991231
2019-10-08,ELET3,ON      N1,10,38.425655,37.85,225409283.0,0.0,99991231
2019-10-09,ELET3,ON      N1,10,37.985655,36.97,130724374.0,0.0,99991231
2019-10-10,ELET3,ON      N1,10,37.745655,37.19,180266491.0,0.0,99991231
2019-10-11,ELET3,ON      N1,10,37.245655,35.84,197284451.0,0.0,99991231
2019-10-14,ELET3,ON      N1,10,36.785655000000006,35.22,131860440.0,0.0,99991231
2019-10-15,ELET3,ON      N1,10,37.305655,35.49,193458725.0,0.0,99991231
2019-10-16,ELET3,ON      N1,10,38.815655,36.7,236398385.0,0.0,99991231
2019-10-17,ELET3,ON      N1,10,38.805655,37.1,234851336.0,0.0,99991231
2019-10-18,ELET3,ON      N1,10,40.635655,38.4,319820745.0,0.0,99991231
2019-10-21,ELET3,ON      N1,10,40.595655,38.76,264551735.0,0.0,99991231
2019-10-22,ELET3,ON      N1,10,39.995655,38.75,189877654.0,0.0,99991231
2019-10-23,ELET3,ON      N1,10,39.955655,37.87,184257053.0,0.0,99991231
2019-10-24,ELET3,ON      N1,10,39.785655000000006,37.91,123841564.0,0.0,99991231
2019-10-25,ELET3,ON      N1,10,39.885655,37.53,87306438.0,0.0,99991231
2019-10-28,ELET3,ON      N1,10,40.745655,38.3,147020642.0,0.0,99991231
2019-10-29,ELET3,ON      N1,10,40.165655,38.77,164689412.0,0.0,99991231
2019-10-30,ELET3,ON      N1,10,41.355655,38.93,132931204.0,0.0,99991231
2019-10-31,ELET3,ON      N1,10,42.005655000000004,39.99,239575906.0,0.0,99991231
2019-11-01,ELET3,ON      N1,10,42.175655,41.15,252154760.0,0.0,99991231
2019-11-04,ELET3,ON      N1,10,42.735655,40.85,112747366.0,0.0,99991231
2019-11-05,ELET3,ON      N1,10,42.435655000000004,43.05,350694387.0,0.0,99991231
2019-11-06,ELET3,ON      N1,10,42.945655,41.1,232885307.0,0.0,99991231
2019-11-07,ELET3,ON      N1,10,42.645655000000005,41.05,184313542.0,0.0,99991231
2019-11-08,ELET3,ON      N1,10,40.665655,40.1,194836583.0,0.0,99991231
2019-11-11,ELET3,ON      N1,10,41.295655000000004,38.85,116427504.0,0.0,99991231
2019-11-12,ELET3,ON      N1,10,39.455655,39.15,255546806.0,0.0,99991231
2019-11-13,ELET3,ON      N1,10,38.795655000000004,36.97,227445951.0,0.0,99991231
2019-11-14,ELET3,ON      N1,10,38.245655,36.66,148993778.0,0.0,99991231
2019-11-18,ELET3,ON  ES  N1,10,38.145655000000005,36.33,145500847.0,0.0,99991231
2019-11-19,ELET3,ON  ES  N1,10,37.345655,36.15,138237966.0,0.0,99991231
2019-11-21,ELET3,ON  ES  N1,10,37.845655,35.7,160641825.0,0.0,99991231
2019-11-22,ELET3,ON  ES  N1,10,37.905655,35.65,95634564.0,0.0,99991231
2019-11-25,ELET3,ON  ES  N1,10,37.335655,35.47,86724757.0,0.0,99991231
2019-11-26,ELET3,ON  ES  N1,10,37.125655,34.77,159869760.0,0.0,99991231
2019-11-27,ELET3,ON  ES  N1,10,37.075655000000005,34.86,90774838.0,0.0,99991231
2019-11-28,ELET3,ON  ES  N1,10,37.035655000000006,35.0,57866195.0,0.0,99991231
2019-11-29,ELET3,ON      N1,10,37.275655,35.05,86269043.0,0.0,99991231
2019-12-02,ELET3,ON      N1,10,37.615655000000004,35.36,90201136.0,0.0,99991231
2019-12-03,ELET3,ON      N1,10,37.895655000000005,35.7,112684697.0,0.0,99991231
2019-12-04,ELET3,ON      N1,10,38.095655,35.78,105931859.0,0.0,99991231
2019-12-05,ELET3,ON      N1,10,38.095655,35.85,124830318.0,0.0,99991231
2019-12-06,ELET3,ON      N1,10,38.265655,36.42,210648194.0,0.0,99991231
2019-12-09,ELET3,ON      N1,10,38.215655000000005,36.08,105773457.0,0.0,99991231
2019-12-10,ELET3,ON      N1,10,38.235655,36.05,80656624.0,0.0,99991231
2019-12-11,ELET3,ON      N1,10,38.515655,36.1,122937916.0,0.0,99991231
2019-12-12,ELET3,ON      N1,10,38.625655,36.29,161565696.0,0.0,99991231
2019-12-13,ELET3,ON      N1,10,38.405655,36.34,177676333.0,0.0,99991231
2019-12-16,ELET3,ON      N1,10,38.695655,36.5,480200761.0,0.0,99991231
2019-12-17,ELET3,ON      N1,10,38.375655,36.49,143468457.0,0.0,99991231
2019-12-18,ELET3,ON      N1,10,37.835655,35.45,281605920.0,0.0,99991231
2019-12-19,ELET3,ON      N1,10,38.315655,35.9,165435621.0,0.0,99991231
2019-12-20,ELET3,ON      N1,10,38.425655,36.02,171818117.0,0.0,99991231
2019-12-23,ELET3,ON      N1,10,40.945655,38.5,229024791.0,0.0,99991231
2019-12-26,ELET3,ON      N1,10,40.345655,38.37,180574947.0,0.0,99991231
2019-12-27,ELET3,ON      N1,10,40.185655000000004,38.2,102440964.0,0.0,99991231
2019-12-30,ELET3,ON      N1,10,40.245655,38.07,84329045.0,0.0,99991231
2020-01-02,ELET3,ON      N1,10,40.625655,38.29,155548432.0,0.0,99991231
2020-01-03,ELET3,ON      N1,10,40.045655000000004,37.77,127835580.0,0.0,99991231
2020-01-06,ELET3,ON      N1,10,40.225655,38.18,133331721.0,0.0,99991231
2020-01-07,ELET3,ON      N1,10,41.195655,38.85,190936008.0,0.0,99991231
2020-01-08,ELET3,ON      N1,10,41.755655000000004,39.49,206235428.0,0.0,99991231
2020-01-09,ELET3,ON      N1,10,41.795655000000004,39.72,171572907.0,0.0,99991231
2020-01-10,ELET3,ON      N1,10,42.545655000000004,40.4,230398421.0,0.0,99991231
2020-01-13,ELET3,ON      N1,10,42.645655000000005,40.6,122637361.0,0.0,99991231
2020-01-14,ELET3,ON      N1,10,41.945655,40.4,268706984.0,0.0,99991231
2020-01-15,ELET3,ON      N1,10,41.765655,39.76,152056703.0,0.0,99991231
2020-01-16,ELET3,ON      N1,10,42.645655000000005,40.27,233105476.0,0.0,99991231
2020-01-17,ELET3,ON      N1,10,42.695655,40.74,97882200.0,0.0,99991231
2020-01-20,ELET3,ON      N1,10,42.795655000000004,40.7,94441963.0,0.0,99991231
2020-01-21,ELET3,ON      N1,10,42.015655,40.34,85053229.0,0.0,99991231
2020-01-22,ELET3,ON      N1,10,44.225655,42.47,357319491.0,0.0,99991231
2020-01-23,ELET3,ON      N1,10,43.955655,41.72,266335927.0,0.0,99991231
2020-01-24,ELET3,ON      N1,10,43.195655,41.67,90777718.0,0.0,99991231
2020-01-27,ELET3,ON      N1,10,40.995655,40.48,320968034.0,0.0,99991231
2020-01-28,ELET3,ON      N1,10,42.745655,40.73,224841527.0,0.0,99991231
2020-01-29,ELET3,ON      N1,10,42.965655000000005,41.27,193116054.0,0.0,99991231
2020-01-30,ELET3,ON      N1,10,42.355655,40.27,163908663.0,0.0,99991231
2020-01-31,ELET3,ON      N1,10,41.665655,39.68,139618604.0,0.0,99991231
2020-02-03,ELET3,ON      N1,10,41.315655,39.38,158857487.0,0.0,99991231
2020-02-04,ELET3,ON      N1,10,41.065655,39.68,125567812.0,0.0,99991231
2020-02-05,ELET3,ON      N1,10,40.445655,39.78,200124002.0,0.0,99991231
2020-02-06,ELET3,ON      N1,10,38.735655,38.77,296620078.0,0.0,99991231
2020-02-07,ELET3,ON      N1,10,38.115655000000004,36.6,161722648.0,0.0,99991231
2020-02-10,ELET3,ON      N1,10,36.765655,36.1,197918567.0,0.0,99991231
2020-02-11,ELET3,ON      N1,10,37.255655000000004,35.15,146553654.0,0.0,99991231
2020-02-12,ELET3,ON      N1,10,37.865655000000004,36.34,356590259.0,0.0,99991231
2020-02-13,ELET3,ON      N1,10,37.705655,35.58,114666258.0,0.0,99991231
2020-02-14,ELET3,ON      N1,10,38.435655000000004,36.35,192677696.0,0.0,99991231
2020-02-17,ELET3,ON      N1,10,38.595655,36.42,74653452.0,0.0,99991231
2020-02-18,ELET3,ON      N1,10,40.745655,38.47,216361554.0,0.0,99991231
2020-02-19,ELET3,ON      N1,10,41.645655000000005,39.48,254305932.0,0.0,99991231
2020-02-20,ELET3,ON      N1,10,40.645655000000005,39.01,184027323.0,0.0,99991231
2020-02-21,ELET3,ON      N1,10,40.105655,37.95,117166456.0,0.0,99991231
2020-02-26,ELET3,ON      N1,10,36.595655,36.62,226086141.0,0.0,99991231
2020-02-27,ELET3,ON      N1,10,35.945655,34.96,250814145.0,0.0,99991231
2020-02-28,ELET3,ON      N1,10,36.975655,34.59,266337657.0,0.0,99991231
2020-03-02,ELET3,ON      N1,10,37.875655,36.1,183025693.0,0.0,99991231
2020-03-03,ELET3,ON      N1,10,37.475655,36.5,159620092.0,0.0,99991231
2020-03-04,ELET3,ON      N1,10,38.625655,36.42,125393986.0,0.0,99991231
2020-03-05,ELET3,ON      N1,10,37.535655000000006,36.16,131005296.0,0.0,99991231
2020-03-06,ELET3,ON      N1,10,34.795655000000004,33.63,225522092.0,0.0,99991231
2020-03-09,ELET3,ON      N1,10,29.995655000000003,29.53,318976017.0,0.0,99991231
2020-03-10,ELET3,ON      N1,10,34.125655,31.68,288952164.0,0.0,99991231
2020-03-11,ELET3,ON      N1,10,31.455655000000004,32.36,250489599.0,0.0,99991231
2020-03-12,ELET3,ON      N1,10,26.165655,24.68,131222126.0,0.0,99991231
2020-03-13,ELET3,ON      N1,10,30.515655000000002,28.21,197350349.0,0.0,99991231
2020-03-16,ELET3,ON      N1,10,25.955655000000004,24.9,202405891.0,0.0,99991231
2020-03-17,ELET3,ON      N1,10,26.695655000000002,25.3,167356781.0,0.0,99991231
2020-03-18,ELET3,ON      N1,10,21.965655,22.56,227142496.0,0.0,99991231
2020-03-19,ELET3,ON      N1,10,19.845655,18.9,260065109.0,0.0,99991231
2020-03-20,ELET3,ON      N1,10,19.255655,19.36,180960868.0,0.0,99991231
2020-03-23,ELET3,ON      N1,10,17.685655,17.03,116527264.0,0.0,99991231
2020-03-24,ELET3,ON      N1,10,19.795655000000004,17.65,125336009.0,0.0,99991231
2020-03-25,ELET3,ON      N1,10,22.315655000000003,20.54,127288282.0,0.0,99991231
2020-03-26,ELET3,ON      N1,10,23.795655000000004,21.59,138030841.0,0.0,99991231
2020-03-27,ELET3,ON      N1,10,23.525655,22.09,139482842.0,0.0,99991231
2020-03-30,ELET3,ON      N1,10,25.755655,24.19,208296621.0,0.0,99991231
2020-03-31,ELET3,ON      N1,10,26.305655,25.5,222936201.0,0.0,99991231
2020-04-01,ELET3,ON      N1,10,24.605655000000002,23.24,136963351.0,0.0,99991231
2020-04-02,ELET3,ON      N1,10,24.935655,23.47,77005681.0,0.0,99991231
2020-04-03,ELET3,ON      N1,10,24.115655000000004,22.71,124679367.0,0.0,99991231
2020-04-06,ELET3,ON      N1,10,24.035655000000002,23.54,172913772.0,0.0,99991231
2020-04-07,ELET3,ON      N1,10,24.735655,24.18,135175040.0,0.0,99991231
2020-04-08,ELET3,ON      N1,10,26.435655,24.36,124890870.0,0.0,99991231
2020-04-09,ELET3,ON      N1,10,27.705655000000004,26.6,220161038.0,0.0,99991231
2020-04-13,ELET3,ON      N1,10,28.845655,26.63,137022075.0,0.0,99991231
2020-04-14,ELET3,ON      N1,10,29.945655000000002,28.57,226662209.0,0.0,99991231
2020-04-15,ELET3,ON      N1,10,29.005655,27.81,150591677.0,0.0,99991231
2020-04-16,ELET3,ON      N1,10,28.305655,27.53,124231183.0,0.0,99991231
2020-04-17,ELET3,ON      N1,10,28.395655,26.77,120262881.0,0.0,99991231
2020-04-20,ELET3,ON      N1,10,28.145655,26.64,146763634.0,0.0,99991231
2020-04-22,ELET3,ON      N1,10,29.115655000000004,26.95,117380045.0,0.0,99991231
2020-04-23,ELET3,ON      N1,10,27.495655000000003,27.45,231455289.0,0.0,99991231
2020-04-24,ELET3,ON      N1,10,24.225655000000003,24.76,295689089.0,0.0,99991231
2020-04-27,ELET3,ON      N1,10,24.735655,23.36,144096961.0,0.0,99991231
2020-04-28,ELET3,ON      N1,10,26.345655,24.47,177103558.0,0.0,99991231
2020-04-29,ELET3,ON      N1,10,27.335655000000003,25.17,146229134.0,0.0,99991231
2020-04-30,ELET3,ON      N1,10,26.695655000000002,24.51,135500611.0,0.0,99991231
2020-05-04,ELET3,ON      N1,10,25.375655000000002,23.67,138980422.0,0.0,99991231
2020-05-05,ELET3,ON      N1,10,25.295655000000004,23.62,85755447.0,0.0,99991231
2020-05-06,ELET3,ON      N1,10,24.945655000000002,23.12,84784497.0,0.0,99991231
2020-05-07,ELET3,ON      N1,10,23.845655,22.8,145052902.0,0.0,99991231
2020-05-08,ELET3,ON      N1,10,24.665655,22.44,87549013.0,0.0,99991231
2020-05-11,ELET3,ON      N1,10,24.205655000000004,23.05,98339704.0,0.0,99991231
2020-05-12,ELET3,ON      N1,10,23.095655,22.82,119817205.0,0.0,99991231
2020-05-13,ELET3,ON      N1,10,23.135655000000003,21.34,158051415.0,0.0,99991231
2020-05-14,ELET3,ON      N1,10,25.165655,22.72,165406946.0,0.0,99991231
2020-05-15,ELET3,ON      N1,10,25.095655,23.15,149292815.0,0.0,99991231
2020-05-18,ELET3,ON      N1,10,26.835655000000003,24.52,130736013.0,0.0,99991231
2020-05-19,ELET3,ON      N1,10,26.135655000000003,24.8,99827800.0,0.0,99991231
2020-05-20,ELET3,ON      N1,10,25.925655000000003,24.62,110380033.0,0.0,99991231
2020-05-21,ELET3,ON      N1,10,26.045655000000004,24.6,137767303.0,0.0,99991231
2020-05-22,ELET3,ON      N1,10,27.855655000000002,25.43,217151211.0,0.0,99991231
2020-05-25,ELET3,ON      N1,10,29.045655000000004,26.99,182858188.0,0.0,99991231
2020-05-26,ELET3,ON      N1,10,29.685655,27.79,150135171.0,0.0,99991231
2020-05-27,ELET3,ON      N1,10,31.105655000000002,29.55,265528254.0,0.0,99991231
2020-05-28,ELET3,ON      N1,10,30.865655000000004,29.13,151148947.0,0.0,99991231
2020-05-29,ELET3,ON      N1,10,31.075655,29.2,367184283.0,0.0,99991231
2020-06-01,ELET3,ON      N1,10,31.775655,29.73,222720629.0,0.0,99991231
2020-06-02,ELET3,ON      N1,10,32.235655,30.0,147875757.0,0.0,99991231
2020-06-03,ELET3,ON      N1,10,31.995655000000003,30.59,122947272.0,0.0,99991231
2020-06-04,ELET3,ON      N1,10,31.765655000000002,29.74,81677133.0,0.0,99991231
2020-06-05,ELET3,ON      N1,10,32.055655,30.77,147893398.0,0.0,99991231
2020-06-08,ELET3,ON      N1,10,34.145655,31.7,134657423.0,0.0,99991231
2020-06-09,ELET3,ON      N1,10,34.315655,32.02,150960715.0,0.0,99991231
2020-06-10,ELET3,ON      N1,10,32.535655,32.31,125733626.0,0.0,99991231
2020-06-12,ELET3,ON      N1,10,32.385655,30.07,145699004.0,0.0,99991231
2020-06-15,ELET3,ON      N1,10,31.305655,29.83,121559595.0,0.0,99991231
2020-06-16,ELET3,ON      N1,10,31.265655000000002,30.25,88482171.0,0.0,99991231
2020-06-17,ELET3,ON      N1,10,34.145655,32.18,432984729.0,0.0,99991231
2020-06-18,ELET3,ON      N1,10,33.335655,31.64,149774657.0,0.0,99991231
2020-06-19,ELET3,ON      N1,10,33.235655,31.72,272783260.0,0.0,99991231
2020-06-22,ELET3,ON      N1,10,33.145655,31.35,124804145.0,0.0,99991231
2020-06-23,ELET3,ON      N1,10,32.655655,31.27,103751373.0,0.0,99991231
2020-06-24,ELET3,ON      N1,10,31.875655000000002,30.31,78448504.0,0.0,99991231
2020-06-25,ELET3,ON      N1,10,33.015655,30.75,130105734.0,0.0,99991231
2020-06-26,ELET3,ON      N1,10,32.725655,30.77,165521073.0,0.0,99991231
2020-06-29,ELET3,ON      N1,10,33.445655,31.17,107458828.0,0.0,99991231
2020-06-30,ELET3,ON      N1,10,33.445655,32.1,147902904.0,0.0,99991231
2020-07-01,ELET3,ON      N1,10,35.065655,33.04,215261973.0,0.0,99991231
2020-07-02,ELET3,ON      N1,10,34.505655000000004,33.39,118292329.0,0.0,99991231
2020-07-03,ELET3,ON      N1,10,35.035655000000006,32.99,69833688.0,0.0,99991231
2020-07-06,ELET3,ON      N1,10,35.255655000000004,34.04,167429496.0,0.0,99991231
2020-07-07,ELET3,ON      N1,10,35.945655,34.17,189403820.0,0.0,99991231
2020-07-08,ELET3,ON      N1,10,36.295655000000004,34.32,137624077.0,0.0,99991231
2020-07-09,ELET3,ON      N1,10,39.205655,38.32,646959329.0,0.0,99991231
2020-07-10,ELET3,ON      N1,10,38.715655000000005,37.34,266353403.0,0.0,99991231
2020-07-13,ELET3,ON      N1,10,37.555655,36.62,121966116.0,0.0,99991231
2020-07-14,ELET3,ON      N1,10,37.245655,35.84,101306271.0,0.0,99991231
2020-07-15,ELET3,ON      N1,10,38.395655000000005,36.28,182688039.0,0.0,99991231
2020-07-16,ELET3,ON      N1,10,37.775655,35.76,124732947.0,0.0,99991231
2020-07-17,ELET3,ON      N1,10,42.845655,40.93,776749922.0,0.0,99991231
2020-07-20,ELET3,ON      N1,10,42.445655,41.33,225644474.0,0.0,99991231
2020-07-21,ELET3,ON      N1,10,41.205655,40.2,211408833.0,0.0,99991231
2020-07-22,ELET3,ON      N1,10,41.555655,39.68,186900154.0,0.0,99991231
2020-07-23,ELET3,ON      N1,10,40.905655,39.35,131659207.0,0.0,99991231
2020-07-24,ELET3,ON      N1,10,40.545655000000004,38.62,170311864.0,0.0,99991231
2020-07-27,ELET3,ON      N1,10,41.745655,39.5,151244262.0,0.0,99991231
2020-07-28,ELET3,ON      N1,10,41.345655,39.97,130665845.0,0.0,99991231
2020-07-29,ELET3,ON      N1,10,42.195655,39.86,125677956.0,0.0,99991231
2020-07-30,ELET3,ON  EDR N1,10,42.221055,38.63,111472784.0,0.0,99991231
2020-07-31,ELET3,ON  EDR N1,10,41.011055,38.34,164979114.0,0.0,99991231
2020-08-03,ELET3,ON  EDR N1,10,41.621055,37.9,133830366.0,0.0,99991231
2020-08-04,ELET3,ON  EDR N1,10,41.071055,37.99,127380023.0,0.0,99991231
2020-08-05,ELET3,ON  EDR N1,10,40.771055000000004,38.5,185809095.0,0.0,99991231
2020-08-06,ELET3,ON  EDR N1,10,42.111055,39.5,405279690.0,0.0,99991231
2020-08-07,ELET3,ON  EDR N1,10,41.731055,38.28,127449349.0,0.0,99991231
2020-08-10,ELET3,ON  EDR N1,10,41.321055,37.76,100302304.0,0.0,99991231
2020-08-11,ELET3,ON      N1,10,40.721055,37.94,123945165.0,0.0,99991231
2020-08-12,ELET3,ON      N1,10,39.941055,36.2,348429028.0,0.0,99991231
2020-08-13,ELET3,ON      N1,10,37.451055000000004,36.88,600916584.0,0.0,99991231
2020-08-14,ELET3,ON      N1,10,38.151055,34.4,371079837.0,0.0,99991231
2020-08-17,ELET3,ON      N1,10,35.881054999999996,34.27,449252086.0,0.0,99991231
2020-08-18,ELET3,ON      N1,10,36.651055,32.87,230466694.0,0.0,99991231
2020-08-19,ELET3,ON      N1,10,35.741055,32.7,198612112.0,0.0,99991231
2020-08-20,ELET3,ON      N1,10,35.891055,31.93,214953591.0,0.0,99991231
2020-08-21,ELET3,ON      N1,10,38.141055,35.18,458419822.0,0.0,99991231
2020-08-24,ELET3,ON      N1,10,41.461055,37.4,774891474.0,0.0,99991231
2020-08-25,ELET3,ON      N1,10,42.271055000000004,39.4,675716979.0,0.0,99991231
2020-08-26,ELET3,ON      N1,10,40.471055,38.58,273416106.0,0.0,99991231
2020-08-27,ELET3,ON      N1,10,40.131055,36.99,205023877.0,0.0,99991231
2020-08-28,ELET3,ON      N1,10,41.561055,38.51,428679001.0,0.0,99991231
2020-08-31,ELET3,ON      N1,10,39.581055,37.09,257166017.0,0.0,99991231
2020-09-01,ELET3,ON      N1,10,40.571055,36.78,168966539.0,0.0,99991231
2020-09-02,ELET3,ON      N1,10,41.811055,37.85,269292205.0,0.0,99991231
2020-09-03,ELET3,ON      N1,10,40.681055,38.5,236573875.0,0.0,99991231
2020-09-04,ELET3,ON      N1,10,40.521055000000004,37.12,147612211.0,0.0,99991231
2020-09-08,ELET3,ON      N1,10,40.441055,36.54,106549697.0,0.0,99991231
2020-09-09,ELET3,ON      N1,10,40.451055000000004,37.4,167528833.0,0.0,99991231
2020-09-10,ELET3,ON      N1,10,39.171055,37.83,253730468.0,0.0,99991231
2020-09-11,ELET3,ON      N1,10,38.471055,35.48,220700761.0,0.0,99991231
2020-09-14,ELET3,ON      N1,10,38.441055,34.69,149483578.0,0.0,99991231
2020-09-15,ELET3,ON      N1,10,37.171055,35.0,246271387.0,0.0,99991231
2020-09-16,ELET3,ON      N1,10,37.451055000000004,33.73,128283621.0,0.0,99991231
2020-09-17,ELET3,ON      N1,10,37.371055,33.48,95892493.0,0.0,99991231
2020-09-18,ELET3,ON      N1,10,36.461055,33.62,179827654.0,0.0,99991231
2020-09-21,ELET3,ON      N1,10,36.771055000000004,32.84,145768305.0,0.0,99991231
2020-09-22,ELET3,ON      N1,10,36.521055000000004,33.1,98733788.0,0.0,99991231
2020-09-23,ELET3,ON      N1,10,35.851055,32.66,146967386.0,0.0,99991231
2020-09-24,ELET3,ON      N1,10,36.081055,32.95,154681476.0,0.0,99991231
2020-09-25,ELET3,ON      N1,10,36.101055,32.14,71591917.0,0.0,99991231
2020-09-28,ELET3,ON      N1,10,34.591055,32.52,237982328.0,0.0,99991231
2020-09-29,ELET3,ON      N1,10,34.241055,31.0,211909689.0,0.0,99991231
2020-09-30,ELET3,ON      N1,10,34.391055,30.62,134188887.0,0.0,99991231
2020-10-01,ELET3,ON      N1,10,34.331055,30.47,167287084.0,0.0,99991231
2020-10-02,ELET3,ON      N1,10,33.741055,30.77,123005324.0,0.0,99991231
2020-10-05,ELET3,ON      N1,10,35.361055,31.68,186117031.0,0.0,99991231
2020-10-06,ELET3,ON      N1,10,35.331055,32.1,148360925.0,0.0,99991231
2020-10-07,ELET3,ON      N1,10,35.391055,31.6,221749595.0,0.0,99991231
2020-10-08,ELET3,ON      N1,10,34.941055,31.44,166779643.0,0.0,99991231
2020-10-09,ELET3,ON      N1,10,34.981055,31.48,125395635.0,0.0,99991231
2020-10-13,ELET3,ON      N1,10,35.321055,31.59,110897114.0,0.0,99991231
2020-10-14,ELET3,ON      N1,10,35.581055,32.2,119157452.0,0.0,99991231
2020-10-15,ELET3,ON      N1,10,35.981055,32.2,99570767.0,0.0,99991231
2020-10-16,ELET3,ON      N1,10,36.141055,32.69,191671227.0,0.0,99991231
2020-10-19,ELET3,ON      N1,10,36.101055,32.43,121025309.0,0.0,99991231
2020-10-20,ELET3,ON      N1,10,36.411055000000005,32.91,128476695.0,0.0,99991231
2020-10-21,ELET3,ON      N1,10,36.781055,32.88,90946514.0,0.0,99991231
2020-10-22,ELET3,ON      N1,10,37.291055,33.3,140028859.0,0.0,99991231
2020-10-23,ELET3,ON      N1,10,37.451055000000004,33.64,96432725.0,0.0,99991231
2020-10-26,ELET3,ON      N1,10,37.791055,34.9,213952346.0,0.0,99991231
2020-10-27,ELET3,ON      N1,10,36.871055,34.17,128937780.0,0.0,99991231
2020-10-28,ELET3,ON      N1,10,35.901055,32.36,209356079.0,0.0,99991231
2020-10-29,ELET3,ON      N1,10,35.841055,32.02,138486321.0,0.0,99991231
2020-10-30,ELET3,ON      N1,10,35.131054999999996,31.74,93264904.0,0.0,99991231
2020-11-03,ELET3,ON      N1,10,35.821055,31.95,132042441.0,0.0,99991231
2020-11-04,ELET3,ON      N1,10,36.611055,33.2,124487826.0,0.0,99991231
2020-11-05,ELET3,ON      N1,10,37.851055,33.89,140443517.0,0.0,99991231
2020-11-06,ELET3,ON      N1,10,37.781055,34.08,94563224.0,0.0,99991231
2020-11-09,ELET3,ON      N1,10,37.901055,35.64,175930739.0,0.0,99991231
2020-11-10,ELET3,ON      N1,10,38.801055,35.33,183288093.0,0.0,99991231
2020-11-11,ELET3,ON      N1,10,38.411055000000005,35.2,117471421.0,0.0,99991231
2020-11-12,ELET3,ON      N1,10,36.631055,34.12,262877767.0,0.0,99991231
2020-11-13,ELET3,ON      N1,10,36.461055,33.06,148846932.0,0.0,99991231
2020-11-16,ELET3,ON      N1,10,36.521055000000004,33.85,218030766.0,0.0,99991231
2020-11-17,ELET3,ON      N1,10,36.601055,32.86,283558419.0,0.0,99991231
2020-11-18,ELET3,ON      N1,10,35.791055,32.79,208315726.0,0.0,99991231
2020-11-19,ELET3,ON      N1,10,35.461055,32.0,203725976.0,0.0,99991231
2020-11-20,ELET3,ON      N1,10,35.281055,31.67,108052709.0,0.0,99991231
2020-11-23,ELET3,ON      N1,10,35.051055,31.5,131901603.0,0.0,99991231
2020-11-24,ELET3,ON      N1,10,36.161055000000005,32.39,242555474.0,0.0,99991231
2020-11-25,ELET3,ON      N1,10,35.771055,32.26,154759823.0,0.0,99991231
2020-11-26,ELET3,ON      N1,10,36.431055,32.41,116317087.0,0.0,99991231
2020-11-27,ELET3,ON      N1,10,36.241055,33.05,127169853.0,0.0,99991231
2020-11-30,ELET3,ON      N1,10,35.131054999999996,32.24,311907722.0,0.0,99991231
2020-12-01,ELET3,ON      N1,10,35.881054999999996,31.84,211544441.0,0.0,99991231
2020-12-02,ELET3,ON      N1,10,37.271055000000004,33.56,379066724.0,0.0,99991231
2020-12-03,ELET3,ON      N1,10,37.181055,33.68,159321638.0,0.0,99991231
2020-12-04,ELET3,ON      N1,10,38.321055,34.9,262974351.0,0.0,99991231
2020-12-07,ELET3,ON      N1,10,37.701055000000004,34.38,147914940.0,0.0,99991231
2020-12-08,ELET3,ON      N1,10,39.691055,36.18,327628414.0,0.0,99991231
2020-12-09,ELET3,ON      N1,10,40.041055,36.18,314599542.0,0.0,99991231
2020-12-10,ELET3,ON      N1,10,40.691055,37.26,243397450.0,0.0,99991231
2020-12-11,ELET3,ON      N1,10,42.761055,39.26,444031779.0,0.0,99991231
2020-12-14,ELET3,ON      N1,10,42.201055000000004,39.4,230772888.0,0.0,99991231
2020-12-15,ELET3,ON      N1,10,42.771055000000004,39.15,180992113.0,0.0,99991231
2020-12-16,ELET3,ON      N1,10,41.471055,39.13,433881855.0,0.0,99991231
2020-12-17,ELET3,ON      N1,10,40.911055000000005,37.78,353577316.0,0.0,99991231
2020-12-18,ELET3,ON      N1,10,40.931055,37.19,185582143.0,0.0,99991231
2020-12-21,ELET3,ON      N1,10,40.051055,36.37,201863427.0,0.0,99991231
2020-12-22,ELET3,ON      N1,10,39.471055,36.5,105574952.0,0.0,99991231
2020-12-23,ELET3,ON      N1,10,40.111055,37.0,195178607.0,0.0,99991231
2020-12-28,ELET3,ON      N1,10,40.691055,36.81,109665196.0,0.0,99991231
2020-12-29,ELET3,ON      N1,10,40.651055,36.97,82930223.0,0.0,99991231
2020-12-30,ELET3,ON      N1,10,40.741055,36.95,93380341.0,0.0,99991231
2021-01-04,ELET3,ON      N1,10,39.701055000000004,37.4,150635195.0,0.0,99991231
2021-01-05,ELET3,ON      N1,10,38.781055,35.66,185750742.0,0.0,99991231
2021-01-06,ELET3,ON      N1,10,38.251055,35.11,167628901.0,0.0,99991231
2021-01-07,ELET3,ON      N1,10,37.981055,34.75,202606702.0,0.0,99991231
2021-01-08,ELET3,ON      N1,10,39.051055,35.09,156662602.0,0.0,99991231
2021-01-11,ELET3,ON      N1,10,37.781055,34.87,147076946.0,0.0,99991231
2021-01-12,ELET3,ON      N1,10,38.481055,34.49,194763367.0,0.0,99991231
2021-01-13,ELET3,ON      N1,10,38.301055,34.51,188026596.0,0.0,99991231
2021-01-14,ELET3,ON      N1,10,39.561055,35.6,245089878.0,0.0,99991231
2021-01-15,ELET3,ON      N1,10,38.161055000000005,35.1,162180323.0,0.0,99991231
2021-01-18,ELET3,ON      N1,10,37.931055,34.67,104806782.0,0.0,99991231
2021-01-19,ELET3,ON      N1,10,37.371055,34.22,186352480.0,0.0,99991231
2021-01-20,ELET3,ON      N1,10,37.071055,33.57,97441948.0,0.0,99991231
2021-01-21,ELET3,ON      N1,10,35.371055,33.15,393689779.0,0.0,99991231
2021-01-22,ELET3,ON      N1,10,34.311054999999996,30.78,439928882.0,0.0,99991231
2021-01-26,ELET3,ON      N1,10,31.381055,28.36,1310362508.0,0.0,99991231
2021-01-27,ELET3,ON      N1,10,32.171055,28.76,487228892.0,0.0,99991231
2021-01-28,ELET3,ON      N1,10,33.301055000000005,29.29,217083091.0,0.0,99991231
2021-01-29,ELET3,ON      N1,10,32.761055000000006,29.71,259490518.0,0.0,99991231
2021-02-01,ELET3,ON      N1,10,34.901055,31.21,466833439.0,0.0,99991231
2021-02-02,ELET3,ON      N1,10,35.401055,32.46,417740874.0,0.0,99991231
2021-02-03,ELET3,ON      N1,10,35.791055,32.09,337163485.0,0.0,99991231
2021-02-04,ELET3,ON  ED  N1,10,35.356155,30.49,249045268.0,0.0,99991231
2021-02-05,ELET3,ON  ED  N1,10,35.306155,30.49,177369878.0,0.0,99991231
2021-02-08,ELET3,ON  ED  N1,10,35.196155,29.89,137107549.0,0.0,99991231
2021-02-09,ELET3,ON  ED  N1,10,35.336155,30.3,109776755.0,0.0,99991231
2021-02-10,ELET3,ON  ED  N1,10,34.776155,29.88,125543434.0,0.0,99991231
2021-02-11,ELET3,ON  ED  N1,10,35.186155,29.95,140017068.0,0.0,99991231
2021-02-12,ELET3,ON  ED  N1,10,35.546155,30.15,126342546.0,0.0,99991231
2021-02-17,ELET3,ON  ED  N1,10,35.556155,30.15,88859055.0,0.0,99991231
2021-02-18,ELET3,ON      N1,10,35.006155,30.19,145119233.0,0.0,99991231
2021-02-19,ELET3,ON      N1,10,34.616155,29.59,153537594.0,0.0,99991231
2021-02-22,ELET3,ON      N1,10,34.416155,29.47,551945680.0,0.0,99991231
2021-02-23,ELET3,ON      N1,10,38.176155,33.11,1102997953.0,0.0,99991231
2021-02-24,ELET3,ON      N1,10,39.306155,35.99,1220817753.0,0.0,99991231
2021-02-25,ELET3,ON      N1,10,38.946155,34.98,493960606.0,0.0,99991231
2021-02-26,ELET3,ON      N1,10,37.916154999999996,33.93,282559785.0,0.0,99991231
2021-03-01,ELET3,ON      N1,10,37.046155,33.2,295121213.0,0.0,99991231
2021-03-02,ELET3,ON      N1,10,37.426155,32.15,336505390.0,0.0,99991231
2021-03-03,ELET3,ON      N1,10,37.226155,32.26,253590232.0,0.0,99991231
2021-03-04,ELET3,ON      N1,10,37.476155,33.25,251392491.0,0.0,99991231
2021-03-05,ELET3,ON      N1,10,37.276154999999996,32.55,173800423.0,0.0,99991231
2021-03-08,ELET3,ON      N1,10,37.336155,33.27,398083619.0,0.0,99991231
2021-03-09,ELET3,ON      N1,10,36.786155,31.8,220462231.0,0.0,99991231
2021-03-10,ELET3,ON      N1,10,37.196155,32.32,176269949.0,0.0,99991231
2021-03-11,ELET3,ON      N1,10,37.246154999999995,32.2,171068781.0,0.0,99991231
2021-03-12,ELET3,ON      N1,10,37.306155,32.4,124137321.0,0.0,99991231
2021-03-15,ELET3,ON      N1,10,38.426155,33.6,233964320.0,0.0,99991231
2021-03-16,ELET3,ON      N1,10,38.526155,33.46,176054628.0,0.0,99991231
2021-03-17,ELET3,ON      N1,10,39.216155,33.89,339059123.0,0.0,99991231
2021-03-18,ELET3,ON      N1,10,39.306155,34.13,134167025.0,0.0,99991231
2021-03-19,ELET3,ON      N1,10,38.726155,34.77,298773420.0,0.0,99991231
2021-03-22,ELET3,ON      N1,10,37.986155,33.2,155435559.0,0.0,99991231
2021-03-23,ELET3,ON      N1,10,38.506155,33.35,124810983.0,0.0,99991231
2021-03-24,ELET3,ON      N1,10,37.796155,33.62,135373951.0,0.0,99991231
2021-03-25,ELET3,ON      N1,10,39.396155,34.28,301888095.0,0.0,99991231
2021-03-26,ELET3,ON      N1,10,39.276155,34.3,136800057.0,0.0,99991231
2021-03-29,ELET3,ON      N1,10,38.646155,33.87,119963368.0,0.0,99991231
2021-03-30,ELET3,ON      N1,10,38.656155,33.28,143716317.0,0.0,99991231
2021-03-31,ELET3,ON      N1,10,39.776155,34.27,144831630.0,0.0,99991231
2021-04-01,ELET3,ON      N1,10,39.116155,34.3,80140400.0,0.0,99991231
2021-04-05,ELET3,ON      N1,10,40.156155,35.15,251735614.0,0.0,99991231
2021-04-06,ELET3,ON      N1,10,40.506155,35.15,138865492.0,0.0,99991231
2021-04-07,ELET3,ON      N1,10,41.186155,36.55,357282908.0,0.0,99991231
2021-04-08,ELET3,ON      N1,10,41.496155,36.57,263330325.0,0.0,99991231
2021-04-09,ELET3,ON      N1,10,40.956155,36.39,295597505.0,0.0,99991231
2021-04-12,ELET3,ON      N1,10,40.246155,35.87,204734519.0,0.0,99991231
2021-04-13,ELET3,ON      N1,10,40.266155,34.81,164476921.0,0.0,99991231
2021-04-14,ELET3,ON      N1,10,39.886155,35.32,196393495.0,0.0,99991231
2021-04-15,ELET3,ON      N1,10,39.706155,34.68,180158029.0,0.0,99991231
2021-04-16,ELET3,ON      N1,10,41.056155,35.99,290248064.0,0.0,99991231
2021-04-19,ELET3,ON      N1,10,40.546155,35.79,191109201.0,0.0,99991231
2021-04-20,ELET3,ON      N1,10,40.746155,36.4,240605590.0,0.0,99991231
2021-04-22,ELET3,ON      N1,10,41.226155,35.9,116659213.0,0.0,99991231
2021-04-23,ELET3,ON      N1,10,42.226155,37.48,256239186.0,0.0,99991231
2021-04-26,ELET3,ON      N1,10,42.736155,37.4,161865373.0,0.0,99991231
2021-04-27,ELET3,ON      N1,10,41.676155,37.48,188434753.0,0.0,99991231
2021-04-28,ELET3,ON  EDR N1,10,43.229355,36.82,186508692.0,0.0,99991231
2021-04-29,ELET3,ON  EDR N1,10,42.699355,36.89,113123372.0,0.0,99991231
2021-04-30,ELET3,ON  EDR N1,10,43.259355,37.37,172758288.0,0.0,99991231
2021-05-03,ELET3,ON  EDR N1,10,43.269355,37.17,87002869.0,0.0,99991231
2021-05-04,ELET3,ON  EDR N1,10,41.709355,36.89,269052541.0,0.0,99991231
2021-05-05,ELET3,ON  EDR N1,10,41.819355,35.75,169110112.0,0.0,99991231
2021-05-06,ELET3,ON  EDR N1,10,43.189355,37.69,301345978.0,0.0,99991231
2021-05-07,ELET3,ON  EDR N1,10,44.269355,37.8,190703917.0,0.0,99991231
2021-05-10,ELET3,ON      N1,10,43.609355,37.99,142616319.0,0.0,99991231
2021-05-11,ELET3,ON      N1,10,46.039355,39.85,359777284.0,0.0,99991231
2021-05-12,ELET3,ON      N1,10,43.989355,39.97,293643969.0,0.0,99991231
2021-05-13,ELET3,ON      N1,10,46.579355,40.28,390578841.0,0.0,99991231
2021-05-14,ELET3,ON      N1,10,46.309355000000004,40.73,316186111.0,0.0,99991231
2021-05-17,ELET3,ON      N1,10,46.069355,40.19,442403780.0,0.0,99991231
2021-05-18,ELET3,ON      N1,10,47.269355,41.17,534792869.0,0.0,99991231
2021-05-19,ELET3,ON      N1,10,48.969355,43.0,684412995.0,0.0,99991231
2021-05-20,ELET3,ON      N1,10,48.169355,43.39,692496619.0,0.0,99991231
2021-05-21,ELET3,ON      N1,10,48.219355,42.25,282562303.0,0.0,99991231
2021-05-24,ELET3,ON      N1,10,48.739355,42.69,219046737.0,0.0,99991231
2021-05-25,ELET3,ON      N1,10,49.619355,43.26,315332264.0,0.0,99991231
2021-05-26,ELET3,ON      N1,10,49.679355,43.93,313737377.0,0.0,99991231
2021-05-27,ELET3,ON      N1,10,49.479355,43.57,215004524.0,0.0,99991231
2021-05-28,ELET3,ON      N1,10,49.599355,43.42,197740957.0,0.0,99991231
2021-05-31,ELET3,ON      N1,10,50.309355000000004,43.84,176747608.0,0.0,99991231
2021-06-01,ELET3,ON      N1,10,51.299355,45.57,266105618.0,0.0,99991231
2021-06-02,ELET3,ON      N1,10,51.469355,45.59,130781575.0,0.0,99991231
2021-06-04,ELET3,ON      N1,10,52.079355,45.88,130742152.0,0.0,99991231
2021-06-07,ELET3,ON      N1,10,52.849355,47.15,243889615.0,0.0,99991231
2021-06-08,ELET3,ON      N1,10,51.699355,46.36,239645565.0,0.0,99991231
2021-06-09,ELET3,ON      N1,10,51.689355,46.22,185192292.0,0.0,99991231
2021-06-10,ELET3,ON      N1,10,51.789355,46.58,218501152.0,0.0,99991231
2021-06-11,ELET3,ON      N1,10,51.869355,45.58,236880883.0,0.0,99991231
2021-06-14,ELET3,ON      N1,10,51.789355,46.17,271265152.0,0.0,99991231
2021-06-15,ELET3,ON      N1,10,51.099355,45.29,553050723.0,0.0,99991231
2021-06-16,ELET3,ON      N1,10,51.449355,46.24,538513280.0,0.0,99991231
2021-06-17,ELET3,ON      N1,10,50.079355,45.99,582448475.0,0.0,99991231
2021-06-18,ELET3,ON      N1,10,52.689355,47.99,1620480020.0,0.0,99991231
2021-06-21,ELET3,ON      N1,10,54.039355,47.8,534309070.0,0.0,99991231
2021-06-22,ELET3,ON      N1,10,53.549355,48.2,572776783.0,0.0,99991231
2021-06-23,ELET3,ON      N1,10,52.969355,48.02,445177760.0,0.0,99991231
2021-06-24,ELET3,ON      N1,10,52.359355,47.0,317694725.0,0.0,99991231
2021-06-25,ELET3,ON      N1,10,50.789355,46.28,338049875.0,0.0,99991231
2021-06-28,ELET3,ON      N1,10,50.989355,44.8,206363820.0,0.0,99991231
2021-06-29,ELET3,ON      N1,10,50.289355,44.77,220585478.0,0.0,99991231
2021-06-30,ELET3,ON      N1,10,49.639355,43.86,173088539.0,0.0,99991231
2021-07-01,ELET3,ON      N1,10,49.889355,43.81,173841499.0,0.0,99991231
2021-07-02,ELET3,ON      N1,10,50.029355,43.84,118747587.0,0.0,99991231
2021-07-05,ELET3,ON      N1,10,49.399355,43.5,204107206.0,0.0,99991231
2021-07-06,ELET3,ON      N1,10,49.109355,42.96,145077513.0,0.0,99991231
2021-07-07,ELET3,ON      N1,10,49.479355,43.06,126080859.0,0.0,99991231
2021-07-08,ELET3,ON      N1,10,49.169355,42.9,153102449.0,0.0,99991231
2021-07-12,ELET3,ON      N1,10,50.089355,43.9,191676184.0,0.0,99991231
2021-07-13,ELET3,ON      N1,10,49.819355,44.11,228073002.0,0.0,99991231
2021-07-14,ELET3,ON      N1,10,50.669355,44.3,209584276.0,0.0,99991231
2021-07-15,ELET3,ON      N1,10,50.439355,44.36,157101072.0,0.0,99991231
2021-07-16,ELET3,ON      N1,10,50.669355,44.4,241517962.0,0.0,99991231
2021-07-19,ELET3,ON      N1,10,49.969355,43.59,141857114.0,0.0,99991231
2021-07-20,ELET3,ON      N1,10,49.889355,43.83,136446863.0,0.0,99991231
2021-07-21,ELET3,ON      N1,10,49.649355,43.7,122692051.0,0.0,99991231
2021-07-22,ELET3,ON      N1,10,49.729355,43.6,92250294.0,0.0,99991231
2021-07-23,ELET3,ON      N1,10,48.789355,43.4,127111841.0,0.0,99991231
2021-07-26,ELET3,ON      N1,10,48.769355,42.58,97553898.0,0.0,99991231
2021-07-27,ELET3,ON      N1,10,48.959355,42.49,136642645.0,0.0,99991231
2021-07-28,ELET3,ON      N1,10,49.169355,43.04,134953040.0,0.0,99991231
2021-07-29,ELET3,ON      N1,10,48.759355,43.05,144184622.0,0.0,99991231
2021-07-30,ELET3,ON      N1,10,46.719355,42.29,238685154.0,0.0,99991231
2021-08-02,ELET3,ON      N1,10,46.779355,41.35,172950790.0,0.0,99991231
2021-08-03,ELET3,ON      N1,10,46.999355,40.54,150049513.0,0.0,99991231
2021-08-04,ELET3,ON      N1,10,46.929355,40.69,89207776.0,0.0,99991231
2021-08-05,ELET3,ON      N1,10,46.099355,40.93,103892542.0,0.0,99991231
2021-08-06,ELET3,ON      N1,10,47.719355,41.53,181380906.0,0.0,99991231
2021-08-09,ELET3,ON      N1,10,46.939355,41.38,98503852.0,0.0,99991231
2021-08-10,ELET3,ON      N1,10,46.379355,40.79,104002824.0,0.0,99991231
2021-08-11,ELET3,ON      N1,10,46.309355000000004,40.13,176243957.0,0.0,99991231
2021-08-12,ELET3,ON      N1,10,45.679355,40.19,114236599.0,0.0,99991231
2021-08-13,ELET3,ON      N1,10,45.489355,39.32,121244938.0,0.0,99991231
2021-08-16,ELET3,ON      N1,10,44.229355,39.1,206331572.0,0.0,99991231
2021-08-17,ELET3,ON      N1,10,44.329355,39.02,260348614.0,0.0,99991231
2021-08-18,ELET3,ON      N1,10,43.679355,38.2,210200099.0,0.0,99991231
2021-08-19,ELET3,ON      N1,10,44.379355,38.27,129842993.0,0.0,99991231
2021-08-20,ELET3,ON      N1,10,44.599355,38.43,122534529.0,0.0,99991231
2021-08-23,ELET3,ON      N1,10,44.059355000000004,38.13,159997876.0,0.0,99991231
2021-08-24,ELET3,ON      N1,10,45.529355,39.26,143012227.0,0.0,99991231
2021-08-25,ELET3,ON      N1,10,45.519355,39.13,98570813.0,0.0,99991231
2021-08-26,ELET3,ON      N1,10,45.279355,39.57,141556994.0,0.0,99991231
2021-08-27,ELET3,ON      N1,10,45.299355,38.9,74054781.0,0.0,99991231
2021-08-30,ELET3,ON      N1,10,44.419355,38.78,126883698.0,0.0,99991231
2021-08-31,ELET3,ON      N1,10,44.099355,38.16,130109264.0,0.0,99991231
2021-09-01,ELET3,ON      N1,10,45.149355,39.39,216554936.0,0.0,99991231
2021-09-02,ELET3,ON      N1,10,43.219355,38.36,249801114.0,0.0,99991231
2021-09-03,ELET3,ON      N1,10,43.669355,37.3,238177881.0,0.0,99991231
2021-09-06,ELET3,ON      N1,10,44.269355,37.8,97291692.0,0.0,99991231
2021-09-08,ELET3,ON      N1,10,40.759355,37.67,353461263.0,0.0,99991231
2021-09-09,ELET3,ON      N1,10,42.839355,36.82,225505977.0,0.0,99991231
2021-09-10,ELET3,ON      N1,10,42.849355,37.8,151361156.0,0.0,99991231
2021-09-13,ELET3,ON      N1,10,44.009355,38.03,126988323.0,0.0,99991231
2021-09-14,ELET3,ON      N1,10,44.669355,38.34,176675250.0,0.0,99991231
2021-09-15,ELET3,ON      N1,10,44.479355,38.36,172562442.0,0.0,99991231
2021-09-16,ELET3,ON      N1,10,44.159355,38.06,114904775.0,0.0,99991231
2021-09-17,ELET3,ON      N1,10,44.319355,37.85,232628336.0,0.0,99991231
2021-09-20,ELET3,ON      N1,10,43.499355,37.93,257899695.0,0.0,99991231
2021-09-21,ELET3,ON      N1,10,44.379355,38.55,163866363.0,0.0,99991231
2021-09-22,ELET3,ON      N1,10,44.419355,38.55,115908478.0,0.0,99991231
2021-09-23,ELET3,ON      N1,10,45.469355,39.08,125289528.0,0.0,99991231
2021-09-24,ELET3,ON      N1,10,45.779355,39.59,128742478.0,0.0,99991231
2021-09-27,ELET3,ON      N1,10,45.839355,40.12,155665057.0,0.0,99991231
2021-09-28,ELET3,ON      N1,10,45.319355,39.63,190889445.0,0.0,99991231
2021-09-29,ELET3,ON      N1,10,44.889355,39.41,153057780.0,0.0,99991231
2021-09-30,ELET3,ON      N1,10,44.979355,39.3,171910294.0,0.0,99991231
2021-10-01,ELET3,ON      N1,10,45.449355,39.03,132899001.0,0.0,99991231
2021-10-04,ELET3,ON      N1,10,43.439355,38.63,237504415.0,0.0,99991231
2021-10-05,ELET3,ON      N1,10,43.069355,37.2,221137641.0,0.0,99991231
2021-10-06,ELET3,ON      N1,10,42.859355,36.43,156937300.0,0.0,99991231
2021-10-07,ELET3,ON      N1,10,43.479355,37.32,161653667.0,0.0,99991231
2021-10-08,ELET3,ON      N1,10,44.549355,38.38,145722182.0,0.0,99991231
2021-10-11,ELET3,ON      N1,10,45.559355000000004,39.36,194333190.0,0.0,99991231
2021-10-13,ELET3,ON      N1,10,45.629355,39.88,224559156.0,0.0,99991231
2021-10-14,ELET3,ON      N1,10,46.399355,40.08,139727393.0,0.0,99991231
2021-10-15,ELET3,ON      N1,10,45.729355,40.33,208270572.0,0.0,99991231
2021-10-18,ELET3,ON      N1,10,47.079355,40.84,231349841.0,0.0,99991231
2021-10-19,ELET3,ON      N1,10,45.619355,40.34,282431096.0,0.0,99991231
2021-10-20,ELET3,ON      N1,10,44.309355000000004,40.54,386829828.0,0.0,99991231
2021-10-21,ELET3,ON      N1,10,42.709355,37.23,307227140.0,0.0,99991231
2021-10-22,ELET3,ON      N1,10,41.939355,36.13,466928926.0,0.0,99991231
2021-10-25,ELET3,ON      N1,10,43.109355,36.91,227038752.0,0.0,99991231
2021-10-26,ELET3,ON      N1,10,42.649355,36.49,170783256.0,0.0,99991231
2021-10-27,ELET3,ON      N1,10,42.839355,37.44,120505139.0,0.0,99991231
2021-10-28,ELET3,ON      N1,10,42.409355,36.81,105339550.0,0.0,99991231
2021-10-29,ELET3,ON      N1,10,40.299355,36.43,378137646.0,0.0,99991231
2021-11-01,ELET3,ON      N1,10,41.359355,35.4,127538172.0,0.0,99991231
2021-11-03,ELET3,ON      N1,10,41.689355,35.72,142039849.0,0.0,99991231
2021-11-04,ELET3,ON      N1,10,39.639355,35.26,207098440.0,0.0,99991231
2021-11-05,ELET3,ON      N1,10,40.639355,34.55,127354745.0,0.0,99991231
2021-11-08,ELET3,ON      N1,10,40.539355,34.67,124543674.0,0.0,99991231
2021-11-09,ELET3,ON      N1,10,41.409355,35.96,162185539.0,0.0,99991231
2021-11-10,ELET3,ON      N1,10,42.069355,36.15,143427144.0,0.0,99991231
2021-11-11,ELET3,ON      N1,10,42.389355,36.38,153987051.0,0.0,99991231
2021-11-12,ELET3,ON      N1,10,42.089355,36.58,85554113.0,0.0,99991231
2021-11-16,ELET3,ON      N1,10,41.019355,35.83,145947931.0,0.0,99991231
2021-11-17,ELET3,ON      N1,10,38.729355,33.99,343586825.0,0.0,99991231
2021-11-18,ELET3,ON      N1,10,38.999355,33.31,201458127.0,0.0,99991231
2021-11-19,ELET3,ON      N1,10,39.509355,33.37,96763664.0,0.0,99991231
2021-11-22,ELET3,ON      N1,10,38.539355,33.13,165539761.0,0.0,99991231
2021-11-23,ELET3,ON      N1,10,39.369355,33.13,145375302.0,0.0,99991231
2021-11-24,ELET3,ON      N1,10,39.269355,33.26,98493074.0,0.0,99991231
2021-11-25,ELET3,ON      N1,10,40.079355,34.36,84735577.0,0.0,99991231
2021-11-26,ELET3,ON      N1,10,39.099355,33.0,71458712.0,0.0,99991231
2021-11-29,ELET3,ON      N1,10,39.389355,33.3,67735952.0,0.0,99991231
2021-11-30,ELET3,ON      N1,10,39.099355,32.98,186867392.0,0.0,99991231
2021-12-01,ELET3,ON      N1,10,39.219355,33.7,144089953.0,0.0,99991231
2021-12-02,ELET3,ON      N1,10,40.969355,34.8,161157190.0,0.0,99991231
2021-12-03,ELET3,ON      N1,10,41.859355,35.5,204550312.0,0.0,99991231
2021-12-06,ELET3,ON      N1,10,42.149355,36.73,205674241.0,0.0,99991231
2021-12-07,ELET3,ON      N1,10,41.609355,36.27,127402740.0,0.0,99991231
2021-12-08,ELET3,ON      N1,10,41.909355,36.88,240218720.0,0.0,99991231
2021-12-09,ELET3,ON      N1,10,40.769355,35.37,133180962.0,0.0,99991231
2021-12-10,ELET3,ON      N1,10,41.869355,35.47,88028165.0,0.0,99991231
2021-12-13,ELET3,ON      N1,10,42.469355,36.6,124208102.0,0.0,99991231
2021-12-14,ELET3,ON      N1,10,40.989355,36.59,399935427.0,0.0,99991231
2021-12-15,ELET3,ON      N1,10,40.849355,34.54,928256294.0,0.0,99991231
2021-12-16,ELET3,ON      N1,10,39.619355,34.91,208147039.0,0.0,99991231
2021-12-17,ELET3,ON      N1,10,40.289355,33.82,349248432.0,0.0,99991231
2021-12-20,ELET3,ON      N1,10,39.249355,33.67,134466196.0,0.0,99991231
2021-12-21,ELET3,ON      N1,10,39.409355,33.45,115944021.0,0.0,99991231
2021-12-22,ELET3,ON      N1,10,40.149355,33.68,144694384.0,0.0,99991231
2021-12-23,ELET3,ON      N1,10,39.719355,33.82,97519713.0,0.0,99991231
2021-12-27,ELET3,ON      N1,10,39.699355,33.63,50423588.0,0.0,99991231
2021-12-28,ELET3,ON      N1,10,39.869355,33.42,58526180.0,0.0,99991231
2021-12-29,ELET3,ON      N1,10,39.469355,33.59,73350891.0,0.0,99991231
2021-12-30,ELET3,ON      N1,10,39.879355,33.83,101746413.0,0.0,99991231
2022-01-03,ELET3,ON      N1,10,39.099355,34.19,120829182.0,0.0,99991231
2022-01-04,ELET3,ON      N1,10,38.399355,32.62,122179894.0,0.0,99991231
2022-01-05,ELET3,ON      N1,10,38.269355,32.02,221775112.0,0.0,99991231
2022-01-06,ELET3,ON      N1,10,38.219355,32.01,134432392.0,0.0,99991231
2022-01-07,ELET3,ON      N1,10,36.829355,31.83,278347662.0,0.0,99991231
2022-01-10,ELET3,ON      N1,10,35.949355000000004,30.76,254168272.0,0.0,99991231
2022-01-11,ELET3,ON      N1,10,36.309355,30.17,164341123.0,0.0,99991231
2022-01-12,ELET3,ON      N1,10,37.879355,31.58,176064828.0,0.0,99991231
2022-01-13,ELET3,ON      N1,10,37.889355,32.34,200615005.0,0.0,99991231
2022-01-14,ELET3,ON      N1,10,38.079355,31.82,129129870.0,0.0,99991231
2022-01-17,ELET3,ON      N1,10,38.159355,31.94,68130700.0,0.0,99991231
2022-01-18,ELET3,ON      N1,10,38.169354999999996,32.03,109691736.0,0.0,99991231
2022-01-19,ELET3,ON      N1,10,39.509355,33.39,163431592.0,0.0,99991231
2022-01-20,ELET3,ON      N1,10,39.919355,33.78,149973060.0,0.0,99991231
2022-01-21,ELET3,ON      N1,10,40.459355,34.45,146612580.0,0.0,99991231
2022-01-24,ELET3,ON      N1,10,39.779355,34.53,158942461.0,0.0,99991231
2022-01-25,ELET3,ON      N1,10,40.499355,34.24,106640869.0,0.0,99991231
2022-01-26,ELET3,ON      N1,10,41.569355,35.45,218156199.0,0.0,99991231
2022-01-27,ELET3,ON      N1,10,41.369355,36.2,161766304.0,0.0,99991231
2022-01-28,ELET3,ON      N1,10,41.899355,35.53,110730840.0,0.0,99991231
2022-01-31,ELET3,ON      N1,10,41.759355,35.65,133481327.0,0.0,99991231
2022-02-01,ELET3,ON      N1,10,41.089355,35.46,98021991.0,0.0,99991231
2022-02-02,ELET3,ON      N1,10,40.349355,35.07,228657769.0,0.0,99991231
2022-02-03,ELET3,ON      N1,10,40.809355000000004,34.53,113507086.0,0.0,99991231
2022-02-04,ELET3,ON      N1,10,40.159355,34.26,109061653.0,0.0,99991231
2022-02-07,ELET3,ON      N1,10,39.929355,33.75,118070272.0,0.0,99991231
2022-02-08,ELET3,ON      N1,10,39.619355,33.46,76643573.0,0.0,99991231
2022-02-09,ELET3,ON      N1,10,40.459355,34.14,245562893.0,0.0,99991231
2022-02-10,ELET3,ON      N1,10,40.459355,34.47,121388282.0,0.0,99991231
2022-02-11,ELET3,ON      N1,10,39.799355,34.5,124494240.0,0.0,99991231
2022-02-14,ELET3,ON      N1,10,39.889355,33.99,127518716.0,0.0,99991231
2022-02-15,ELET3,ON      N1,10,41.969355,35.5,323130217.0,0.0,99991231
2022-02-16,ELET3,ON      N1,10,41.639355,36.89,301938824.0,0.0,99991231
2022-02-17,ELET3,ON      N1,10,41.649355,35.65,120646449.0,0.0,99991231
2022-02-18,ELET3,ON      N1,10,41.119355,35.55,126579294.0,0.0,99991231
2022-02-21,ELET3,ON      N1,10,40.329355,34.89,85363216.0,0.0,99991231
2022-02-22,ELET3,ON      N1,10,40.579355,34.81,108556028.0,0.0,99991231
2022-02-23,ELET3,ON      N1,10,41.309355000000004,35.31,180523410.0,0.0,99991231
2022-02-24,ELET3,ON      N1,10,40.269355,34.25,204550703.0,0.0,99991231
2022-02-25,ELET3,ON      N1,10,41.239355,34.77,116196989.0,0.0,99991231
2022-03-02,ELET3,ON      N1,10,40.969355,35.06,87258995.0,0.0,99991231
2022-03-03,ELET3,ON      N1,10,41.559355000000004,35.58,135926219.0,0.0,99991231
2022-03-04,ELET3,ON      N1,10,41.159355,35.18,139575149.0,0.0,99991231
2022-03-07,ELET3,ON      N1,10,39.349355,34.61,117779299.0,0.0,99991231
2022-03-08,ELET3,ON      N1,10,39.779355,33.66,169839465.0,0.0,99991231
2022-03-09,ELET3,ON      N1,10,41.409355,35.59,216076721.0,0.0,99991231
2022-03-10,ELET3,ON      N1,10,41.149355,34.69,170674109.0,0.0,99991231
2022-03-11,ELET3,ON      N1,10,40.499355,35.07,113452155.0,0.0,99991231
2022-03-14,ELET3,ON      N1,10,40.159355,34.71,72323455.0,0.0,99991231
2022-03-15,ELET3,ON      N1,10,40.219355,34.25,112758715.0,0.0,99991231
2022-03-16,ELET3,ON      N1,10,39.929355,34.21,120991832.0,0.0,99991231
2022-03-17,ELET3,ON      N1,10,40.569355,34.32,152108849.0,0.0,99991231
2022-03-18,ELET3,ON      N1,10,41.529355,35.06,179397616.0,0.0,99991231
2022-03-21,ELET3,ON      N1,10,41.119355,35.32,129052805.0,0.0,99991231
2022-03-22,ELET3,ON      N1,10,42.319355,36.08,237438667.0,0.0,99991231
2022-03-23,ELET3,ON      N1,10,42.289355,36.08,161779645.0,0.0,99991231
2022-03-24,ELET3,ON      N1,10,42.649355,36.25,165095290.0,0.0,99991231
2022-03-25,ELET3,ON      N1,10,42.999355,36.78,113629508.0,0.0,99991231
2022-03-28,ELET3,ON      N1,10,43.049355,37.02,148502024.0,0.0,99991231
2022-03-29,ELET3,ON      N1,10,43.509355,37.79,179216651.0,0.0,99991231
2022-03-30,ELET3,ON      N1,10,43.419355,37.1,170796546.0,0.0,99991231
2022-03-31,ELET3,ON      N1,10,44.449355,38.17,204886624.0,0.0,99991231
2022-04-01,ELET3,ON      N1,10,45.769355,39.87,294975437.0,0.0,99991231
2022-04-04,ELET3,ON      N1,10,46.069355,40.01,232733479.0,0.0,99991231
2022-04-05,ELET3,ON      N1,10,44.539355,39.58,197899774.0,0.0,99991231
2022-04-06,ELET3,ON      N1,10,45.969355,39.76,491044696.0,0.0,99991231
2022-04-07,ELET3,ON      N1,10,47.209355,41.52,470179207.0,0.0,99991231
2022-04-08,ELET3,ON      N1,10,49.369355,43.17,594499481.0,0.0,99991231
2022-04-11,ELET3,ON      N1,10,48.199355,42.69,519516653.0,0.0,99991231
2022-04-12,ELET3,ON      N1,10,48.719355,43.35,271074814.0,0.0,99991231
2022-04-13,ELET3,ON      N1,10,49.869355,43.58,494670376.0,0.0,99991231
2022-04-14,ELET3,ON      N1,10,49.869355,43.62,380824151.0,0.0,99991231
2022-04-18,ELET3,ON      N1,10,48.939355,43.35,203718418.0,0.0,99991231
2022-04-19,ELET3,ON      N1,10,47.069355,42.65,502818082.0,0.0,99991231
2022-04-20,ELET3,ON      N1,10,48.669355,42.9,772137042.0,0.0,99991231
2022-04-22,ELET3,ON      N1,10,46.579355,41.46,321766769.0,0.0,99991231
2022-04-25,ELET3,ON  EDR N1,10,47.482855,40.58,271330146.0,0.0,99991231
2022-04-26,ELET3,ON  EDR N1,10,46.782855,40.5,268233644.0,0.0,99991231
2022-04-27,ELET3,ON  EDR N1,10,47.422855,40.8,252680966.0,0.0,99991231
2022-04-28,ELET3,ON  EDR N1,10,47.902854999999995,41.33,208193359.0,0.0,99991231
2022-04-29,ELET3,ON  EDR N1,10,47.722854999999996,42.62,336083996.0,0.0,99991231
2022-05-02,ELET3,ON  EDR N1,10,46.312855,40.33,280465024.0,0.0,99991231
2022-05-03,ELET3,ON  EDR N1,10,46.092855,39.31,137981928.0,0.0,99991231
2022-05-04,ELET3,ON  EDR N1,10,46.992855,39.93,182472899.0,0.0,99991231
2022-05-05,ELET3,ON      N1,10,46.352855,39.96,216083679.0,0.0,99991231
2022-05-06,ELET3,ON      N1,10,45.912855,39.79,151202106.0,0.0,99991231
2022-05-09,ELET3,ON      N1,10,46.192855,39.31,99756562.0,0.0,99991231
2022-05-10,ELET3,ON      N1,10,47.122855,40.43,201117804.0,0.0,99991231
2022-05-11,ELET3,ON      N1,10,46.992855,40.7,177079604.0,0.0,99991231
2022-05-12,ELET3,ON      N1,10,47.402854999999995,40.35,168140609.0,0.0,99991231
2022-05-13,ELET3,ON      N1,10,48.542854999999996,42.11,241037746.0,0.0,99991231
2022-05-16,ELET3,ON      N1,10,49.162855,42.39,144913691.0,0.0,99991231
2022-05-17,ELET3,ON      N1,10,50.772855,43.97,274648767.0,0.0,99991231
2022-05-18,ELET3,ON      N1,10,49.832855,44.18,555936642.0,0.0,99991231
2022-05-19,ELET3,ON      N1,10,51.122855,44.77,575036131.0,0.0,99991231
2022-05-20,ELET3,ON      N1,10,51.212855,44.87,309905831.0,0.0,99991231
2022-05-23,ELET3,ON      N1,10,51.062855,44.46,239727395.0,0.0,99991231
2022-05-24,ELET3,ON      N1,10,51.932854999999996,44.69,389808934.0,0.0,99991231
2022-05-25,ELET3,ON      N1,10,52.162855,45.62,341563899.0,0.0,99991231
2022-05-26,ELET3,ON      N1,10,51.242855,45.84,702247208.0,0.0,99991231
2022-05-27,ELET3,ON      N1,10,50.702855,44.32,479553809.0,0.0,99991231
2022-05-30,ELET3,ON      N1,10,49.242855,43.58,389012311.0,0.0,99991231
2022-05-31,ELET3,ON      N1,10,49.382855,43.25,711681194.0,0.0,99991231
2022-06-01,ELET3,ON      N1,10,50.242855,43.14,276306210.0,0.0,99991231
2022-06-02,ELET3,ON      N1,10,50.572855,43.57,315799567.0,0.0,99991231
2022-06-03,ELET3,ON      N1,10,49.202855,43.35,398251447.0,0.0,99991231
2022-06-06,ELET3,ON      N1,10,49.142855,42.65,400630271.0,0.0,99991231
2022-06-07,ELET3,ON      N1,10,49.042854999999996,42.35,259578043.0,0.0,99991231
2022-06-08,ELET3,ON      N1,10,49.382855,43.03,524780520.0,0.0,99991231
2022-06-09,ELET3,ON      N1,10,50.282855,44.14,791745478.0,0.0,99991231
2022-06-10,ELET3,ON      N1,10,48.242855,41.7,3249169963.0,0.0,99991231
2022-06-13,ELET3,ON      N1,10,47.342855,40.25,2844848645.0,0.0,99991231
2022-06-14,ELET3,ON      N1,10,48.692855,41.94,1716349640.0,0.0,99991231
2022-06-15,ELET3,ON      N1,10,49.842855,42.76,4943418554.0,0.0,99991231
2022-06-17,ELET3,ON      N1,10,50.132855,43.42,2281177286.0,0.0,99991231
2022-06-20,ELET3,ON      N1,10,50.892855,45.06,1147240824.0,0.0,99991231
2022-06-21,ELET3,ON      N1,10,51.242855,44.65,1114153428.0,0.0,99991231
2022-06-22,ELET3,ON      N1,10,51.722854999999996,44.84,814138127.0,0.0,99991231
2022-06-23,ELET3,ON      N1,10,51.072855,44.65,1334086505.0,0.0,99991231
2022-06-24,ELET3,ON      N1,10,51.492855,44.48,678568714.0,0.0,99991231
2022-06-27,ELET3,ON      N1,10,52.542854999999996,45.4,681692421.0,0.0,99991231
2022-06-28,ELET3,ON      N1,10,52.802855,46.03,897599082.0,0.0,99991231
2022-06-29,ELET3,ON      N1,10,52.962855,46.12,560231459.0,0.0,99991231
2022-06-30,ELET3,ON      N1,10,53.442855,46.55,983759536.0,0.0,99991231
2022-07-01,ELET3,ON      N1,10,53.092855,46.57,938082703.0,0.0,99991231
2022-07-04,ELET3,ON      N1,10,52.482855,45.95,317935921.0,0.0,99991231
2022-07-05,ELET3,ON      N1,10,51.952855,45.15,705890929.0,0.0,99991231
2022-07-06,ELET3,ON      N1,10,51.422855,44.77,448594280.0,0.0,99991231
2022-07-07,ELET3,ON      N1,10,51.952855,45.3,427480080.0,0.0,99991231
2022-07-08,ELET3,ON      N1,10,51.192855,45.27,286348528.0,0.0,99991231
2022-07-11,ELET3,ON      N1,10,49.492855,43.91,785239368.0,0.0,99991231
2022-07-12,ELET3,ON      N1,10,50.132855,43.23,608555656.0,0.0,99991231
2022-07-13,ELET3,ON      N1,10,50.432854999999996,43.85,595156181.0,0.0,99991231
2022-07-14,ELET3,ON      N1,10,50.842855,43.63,501980724.0,0.0,99991231
2022-07-15,ELET3,ON      N1,10,51.292854999999996,44.2,477342384.0,0.0,99991231
2022-07-18,ELET3,ON      N1,10,51.132855,45.07,347388468.0,0.0,99991231
2022-07-19,ELET3,ON      N1,10,51.462855,44.43,289753191.0,0.0,99991231
2022-07-20,ELET3,ON      N1,10,51.612854999999996,45.3,603434389.0,0.0,99991231
2022-07-21,ELET3,ON      N1,10,51.802855,44.78,282221218.0,0.0,99991231
2022-07-22,ELET3,ON      N1,10,51.872855,44.83,275934043.0,0.0,99991231
2022-07-25,ELET3,ON      N1,10,52.092855,45.13,220374571.0,0.0,99991231
2022-07-26,ELET3,ON      N1,10,51.892855,45.04,275340220.0,0.0,99991231
2022-07-27,ELET3,ON      N1,10,52.612854999999996,45.54,291276979.0,0.0,99991231
2022-07-28,ELET3,ON      N1,10,52.692855,45.68,297352771.0,0.0,99991231
2022-07-29,ELET3,ON      N1,10,53.052855,46.5,446324193.0,0.0,99991231
2022-08-01,ELET3,ON      N1,10,53.742855,46.89,568953804.0,0.0,99991231
2022-08-02,ELET3,ON      N1,10,54.102855,47.18,350304771.0,0.0,99991231
2022-08-03,ELET3,ON      N1,10,54.252855,47.39,388186949.0,0.0,99991231
2022-08-04,ELET3,ON      N1,10,55.562855,48.45,763759403.0,0.0,99991231
2022-08-05,ELET3,ON      N1,10,55.372855,48.51,475643830.0,0.0,99991231
2022-08-08,ELET3,ON      N1,10,55.532855,49.14,661200222.0,0.0,99991231
2022-08-09,ELET3,ON      N1,10,55.572855,48.68,432015179.0,0.0,99991231
2022-08-10,ELET3,ON      N1,10,55.222854999999996,48.9,522999338.0,0.0,99991231
2022-08-11,ELET3,ON      N1,10,54.202855,48.61,573932644.0,0.0,99991231
2022-08-12,ELET3,ON      N1,10,54.142855,47.5,705218454.0,0.0,99991231
2022-08-15,ELET3,ON      N1,10,55.922855,48.97,703227510.0,0.0,99991231
2022-08-16,ELET3,ON      N1,10,55.682854999999996,48.94,536526559.0,0.0,99991231
2022-08-17,ELET3,ON      N1,10,56.842855,49.74,913938714.0,0.0,99991231
2022-08-18,ELET3,ON      N1,10,56.662855,50.34,603151090.0,0.0,99991231
2022-08-19,ELET3,ON      N1,10,55.412855,49.05,458394594.0,0.0,99991231
2022-08-22,ELET3,ON      N1,10,54.822855,48.24,458748388.0,0.0,99991231
2022-08-23,ELET3,ON      N1,10,54.852855,48.3,340485140.0,0.0,99991231
2022-08-24,ELET3,ON      N1,10,54.722854999999996,48.22,302490970.0,0.0,99991231
2022-08-25,ELET3,ON      N1,10,54.032855,48.13,321931295.0,0.0,99991231
2022-08-26,ELET3,ON      N1,10,53.592855,47.18,278205827.0,0.0,99991231
2022-08-29,ELET3,ON      N1,10,53.902854999999995,47.07,248705730.0,0.0,99991231
2022-08-30,ELET3,ON      N1,10,53.282855,47.06,217266368.0,0.0,99991231
2022-08-31,ELET3,ON      N1,10,53.352855,47.41,586042697.0,0.0,99991231
2022-09-01,ELET3,ON      N1,10,54.052855,46.92,423137260.0,0.0,99991231
2022-09-02,ELET3,ON      N1,10,53.752855,47.21,1286254856.0,0.0,99991231
2022-09-05,ELET3,ON      N1,10,53.692855,47.12,379020998.0,0.0,99991231
2022-09-06,ELET3,ON      N1,10,52.402854999999995,45.82,638477823.0,0.0,99991231
2022-09-08,ELET3,ON      N1,10,52.462855,45.93,347839506.0,0.0,99991231
2022-09-09,ELET3,ON      N1,10,52.582855,45.66,240444366.0,0.0,99991231
2022-09-12,ELET3,ON      N1,10,53.232855,46.62,382090421.0,0.0,99991231
2022-09-13,ELET3,ON      N1,10,52.702855,46.39,298239529.0,0.0,99991231
2022-09-14,ELET3,ON      N1,10,52.612854999999996,45.56,274022578.0,0.0,99991231
2022-09-15,ELET3,ON      N1,10,51.932854999999996,45.48,307151050.0,0.0,99991231
2022-09-16,ELET3,ON      N1,10,51.122855,44.79,734227697.0,0.0,99991231
2022-09-19,ELET3,ON      N1,10,51.402854999999995,44.37,284779558.0,0.0,99991231
2022-09-20,ELET3,ON      N1,10,51.262855,44.75,512496453.0,0.0,99991231
2022-09-21,ELET3,ON      N1,10,51.542854999999996,44.8,290805850.0,0.0,99991231
2022-09-22,ELET3,ON      N1,10,53.342855,46.32,522479516.0,0.0,99991231
2022-09-23,ELET3,ON      N1,10,53.192855,46.15,429832770.0,0.0,99991231
2022-09-26,ELET3,ON      N1,10,51.772855,45.78,479995100.0,0.0,99991231
2022-09-27,ELET3,ON      N1,10,50.492855,44.97,357101586.0,0.0,99991231
2022-09-28,ELET3,ON      N1,10,49.882855,43.52,306823528.0,0.0,99991231
2022-09-29,ELET3,ON      N1,10,49.712855,42.79,357275779.0,0.0,99991231
2022-09-30,ELET3,ON      N1,10,50.212855,43.35,441062348.0,0.0,99991231
2022-10-03,ELET3,ON      N1,10,53.062855,45.82,681746911.0,0.0,99991231
2022-10-04,ELET3,ON      N1,10,51.892855,46.55,602760495.0,0.0,99991231
2022-10-05,ELET3,ON      N1,10,51.322855,44.83,286546001.0,0.0,99991231
2022-10-06,ELET3,ON      N1,10,52.812855,46.09,720845207.0,0.0,99991231
2022-10-07,ELET3,ON      N1,10,52.672855,45.74,289708291.0,0.0,99991231
2022-10-10,ELET3,ON      N1,10,53.162855,45.97,335450778.0,0.0,99991231
2022-10-11,ELET3,ON      N1,10,52.792854999999996,46.17,447815781.0,0.0,99991231
2022-10-13,ELET3,ON      N1,10,52.242855,45.52,443059013.0,0.0,99991231
2022-10-14,ELET3,ON      N1,10,51.142855,45.3,293543728.0,0.0,99991231
2022-10-17,ELET3,ON      N1,10,53.292854999999996,46.55,787564926.0,0.0,99991231
2022-10-18,ELET3,ON      N1,10,54.262855,47.1,642005039.0,0.0,99991231
2022-10-19,ELET3,ON      N1,10,54.602855,47.56,473488210.0,0.0,99991231
2022-10-20,ELET3,ON      N1,10,55.082855,48.11,546388728.0,0.0,99991231
2022-10-21,ELET3,ON      N1,10,56.212855,48.97,2533814842.0,0.0,99991231
2022-10-24,ELET3,ON      N1,10,55.242855,48.54,613505465.0,0.0,99991231
2022-10-25,ELET3,ON      N1,10,54.342855,47.99,536292813.0,0.0,99991231
2022-10-26,ELET3,ON      N1,10,52.582855,47.1,524051034.0,0.0,99991231
2022-10-27,ELET3,ON      N1,10,54.832855,48.28,668617814.0,0.0,99991231
2022-10-28,ELET3,ON      N1,10,55.662855,48.7,624137189.0,0.0,99991231
2022-10-31,ELET3,ON      N1,10,57.062855,50.19,961430369.0,0.0,99991231
2022-11-01,ELET3,ON      N1,10,56.792854999999996,50.43,784823965.0,0.0,99991231
2022-11-03,ELET3,ON      N1,10,57.912855,51.18,812899636.0,0.0,99991231
2022-11-04,ELET3,ON      N1,10,58.812855,52.49,673295065.0,0.0,99991231
2022-11-07,ELET3,ON      N1,10,56.042854999999996,51.54,662429381.0,0.0,99991231
2022-11-08,ELET3,ON      N1,10,56.222854999999996,49.64,331378077.0,0.0,99991231
2022-11-09,ELET3,ON      N1,10,55.642855,49.62,594079469.0,0.0,99991231
2022-11-10,ELET3,ON      N1,10,52.242855,46.99,1542092322.0,0.0,99991231
2022-11-11,ELET3,ON      N1,10,52.312855,46.05,722646117.0,0.0,99991231
2022-11-14,ELET3,ON      N1,10,52.712855,46.05,347213639.0,0.0,99991231
2022-11-16,ELET3,ON      N1,10,51.042854999999996,45.53,642403759.0,0.0,99991231
2022-11-17,ELET3,ON      N1,10,51.062855,43.82,658653535.0,0.0,99991231
2022-11-18,ELET3,ON      N1,10,51.272855,44.51,321542978.0,0.0,99991231
2022-11-21,ELET3,ON      N1,10,52.862854999999996,46.0,501663745.0,0.0,99991231
2022-11-22,ELET3,ON      N1,10,52.792854999999996,46.47,335750007.0,0.0,99991231
2022-11-23,ELET3,ON      N1,10,52.462855,45.63,355426677.0,0.0,99991231
2022-11-24,ELET3,ON      N1,10,54.042854999999996,47.27,266984894.0,0.0,99991231
2022-11-25,ELET3,ON      N1,10,52.572855,46.75,254486232.0,0.0,99991231
2022-11-28,ELET3,ON      N1,10,52.962855,45.99,218370070.0,0.0,99991231
2022-11-29,ELET3,ON      N1,10,53.762855,47.09,446958083.0,0.0,99991231
2022-11-30,ELET3,ON      N1,10,54.742855,47.5,1402396901.0,0.0,99991231
2022-12-01,ELET3,ON      N1,10,53.342855,47.39,564994558.0,0.0,99991231
2022-12-02,ELET3,ON      N1,10,51.232855,47.72,821784882.0,0.0,99991231
2022-12-05,ELET3,ON      N1,10,50.242855,43.8,609974268.0,0.0,99991231
2022-12-06,ELET3,ON      N1,10,50.492855,43.39,325965532.0,0.0,99991231
2022-12-07,ELET3,ON      N1,10,51.162855,44.95,493996976.0,0.0,99991231
2022-12-08,ELET3,ON      N1,10,50.242855,43.91,316589323.0,0.0,99991231
2022-12-09,ELET3,ON      N1,10,49.912855,43.21,590346869.0,0.0,99991231
2022-12-12,ELET3,ON      N1,10,49.232855,43.16,908512133.0,0.0,99991231
2022-12-13,ELET3,ON      N1,10,49.182854999999996,43.16,752397088.0,0.0,99991231
2022-12-14,ELET3,ON      N1,10,49.062855,42.03,909492747.0,0.0,99991231
2022-12-15,ELET3,ON      N1,10,48.462855,42.4,628804450.0,0.0,99991231
2022-12-16,ELET3,ON      N1,10,48.182854999999996,41.69,970330697.0,0.0,99991231
2022-12-19,ELET3,ON      N1,10,48.892855,42.25,655764432.0,0.0,99991231
2022-12-20,ELET3,ON      N1,10,49.682854999999996,43.15,330618047.0,0.0,99991231
2022-12-21,ELET3,ON      N1,10,49.842855,43.04,452494632.0,0.0,99991231
2022-12-22,ELET3,ON      N1,10,49.832855,42.95,666832397.0,0.0,99991231
2022-12-23,ELET3,ON      N1,10,50.432854999999996,44.16,379901913.0,0.0,99991231
2022-12-26,ELET3,ON      N1,10,50.102855,43.22,89326362.0,0.0,99991231
2022-12-27,ELET3,ON      N1,10,48.972854999999996,42.98,340600297.0,0.0,99991231
2022-12-28,ELET3,ON      N1,10,49.752855,42.74,305697646.0,0.0,99991231
2022-12-29,ELET3,ON      N1,10,49.362854999999996,43.07,966279974.0,0.0,99991231
2023-01-02,ELET3,ON      N1,10,47.832855,41.06,301512273.0,0.0,99991231
2023-01-03,ELET3,ON      N1,10,47.072855,41.19,663550599.0,0.0,99991231
2023-01-04,ELET3,ON      N1,10,48.142855,41.73,641482673.0,0.0,99991231
2023-01-05,ELET3,ON      N1,10,48.222854999999996,41.13,434023388.0,0.0,99991231
2023-01-06,ELET3,ON      N1,10,48.242855,41.85,377453559.0,0.0,99991231
2023-01-09,ELET3,ON      N1,10,48.542854999999996,41.88,338447897.0,0.0,99991231
2023-01-10,ELET3,ON      N1,10,48.142855,41.46,601476840.0,0.0,99991231
2023-01-11,ELET3,ON      N1,10,49.992855,42.88,446969863.0,0.0,99991231
2023-01-12,ELET3,ON      N1,10,49.612854999999996,43.46,373257402.0,0.0,99991231
2023-01-13,ELET3,ON      N1,10,48.822855,42.19,415105896.0,0.0,99991231
2023-01-16,ELET3,ON      N1,10,48.062855,41.84,370602640.0,0.0,99991231
2023-01-17,ELET3,ON      N1,10,48.802855,41.83,447954360.0,0.0,99991231
2023-01-18,ELET3,ON      N1,10,48.942855,42.16,305821678.0,0.0,99991231
2023-01-19,ELET3,ON      N1,10,48.942855,41.96,351713800.0,0.0,99991231
2023-01-20,ELET3,ON      N1,10,48.222854999999996,41.69,496980285.0,0.0,99991231
2023-01-23,ELET3,ON      N1,10,48.122855,41.56,468133686.0,0.0,99991231
2023-01-24,ELET3,ON      N1,10,48.882855,41.77,311457281.0,0.0,99991231
2023-01-25,ELET3,ON      N1,10,49.922855,42.8,347907323.0,0.0,99991231
2023-01-26,ELET3,ON      N1,10,49.922855,43.04,503385661.0,0.0,99991231
2023-01-27,ELET3,ON      N1,10,48.542854999999996,42.53,356819436.0,0.0,99991231
2023-01-30,ELET3,ON      N1,10,47.942855,41.77,409966741.0,0.0,99991231
2023-01-31,ELET3,ON      N1,10,47.892855,41.14,481048504.0,0.0,99991231
2023-02-01,ELET3,ON      N1,10,47.062855,40.96,658463356.0,0.0,99991231
2023-02-02,ELET3,ON      N1,10,46.242855,40.75,629482096.0,0.0,99991231
2023-02-03,ELET3,ON      N1,10,45.242855,39.05,345955652.0,0.0,99991231
2023-02-06,ELET3,ON      N1,10,45.452855,38.29,267565955.0,0.0,99991231
2023-02-07,ELET3,ON      N1,10,44.112854999999996,38.32,573912355.0,0.0,99991231
2023-02-08,ELET3,ON      N1,10,44.522855,37.29,497972976.0,0.0,99991231
2023-02-09,ELET3,ON      N1,10,43.702855,37.42,363037548.0,0.0,99991231
2023-02-10,ELET3,ON      N1,10,44.272855,37.26,326693782.0,0.0,99991231
2023-02-13,ELET3,ON      N1,10,43.882855,37.23,177513872.0,0.0,99991231
2023-02-14,ELET3,ON      N1,10,42.532855,36.76,566085713.0,0.0,99991231
2023-02-15,ELET3,ON      N1,10,43.092855,36.22,618393231.0,0.0,99991231
2023-02-16,ELET3,ON      N1,10,43.212855,35.97,552577693.0,0.0,99991231
2023-02-17,ELET3,ON      N1,10,43.142855,36.45,317736441.0,0.0,99991231
2023-02-22,ELET3,ON      N1,10,42.022855,35.4,266780379.0,0.0,99991231
2023-02-23,ELET3,ON      N1,10,41.912855,35.14,220497516.0,0.0,99991231
2023-02-24,ELET3,ON      N1,10,41.752855,35.05,277499117.0,0.0,99991231
2023-02-27,ELET3,ON      N1,10,41.852855,34.92,194691349.0,0.0,99991231
2023-02-28,ELET3,ON      N1,10,41.562855,34.91,375038112.0,0.0,99991231
2023-03-01,ELET3,ON      N1,10,40.762855,34.33,332042677.0,0.0,99991231
2023-03-02,ELET3,ON      N1,10,40.412855,34.07,339094343.0,0.0,99991231
2023-03-03,ELET3,ON      N1,10,40.002855,33.4,261143942.0,0.0,99991231
2023-03-06,ELET3,ON      N1,10,40.242855,33.2,346979379.0,0.0,99991231
2023-03-07,ELET3,ON      N1,10,39.522855,33.13,370112998.0,0.0,99991231
2023-03-08,ELET3,ON      N1,10,40.312855,33.2,349680971.0,0.0,99991231
2023-03-09,ELET3,ON      N1,10,39.322855,33.02,484270751.0,0.0,99991231
2023-03-10,ELET3,ON      N1,10,39.062855,32.28,418035358.0,0.0,99991231
2023-03-13,ELET3,ON      N1,10,39.132855,32.25,301482621.0,0.0,99991231
2023-03-14,ELET3,ON      N1,10,39.522855,32.38,338604391.0,0.0,99991231
2023-03-15,ELET3,ON      N1,10,41.102855,34.1,664836855.0,0.0,99991231
2023-03-16,ELET3,ON      N1,10,40.942855,34.63,742138938.0,0.0,99991231
2023-03-17,ELET3,ON      N1,10,39.492855,33.3,705590704.0,0.0,99991231
